benchmark_uri,suite,protocol,batch,pass_flag,sample_idx,elapsed_sec,returncode,out_sha256,input_file
benchmark://cbench-v1/gsm,cbench-v1,A,1,O0,0,0.007230412,0,c5872720e8a99a35d3e03d7fe461cc92587c5de08d3f264cc5528b25c668c6b2,/home/daytona/.local/share/compiler_gym/llvm-v0/cbench-v1-runtime-data/runtime_data/telecom_gsm_data/1.au
benchmark://cbench-v1/gsm,cbench-v1,A,1,O0,1,0.006656745,0,c5872720e8a99a35d3e03d7fe461cc92587c5de08d3f264cc5528b25c668c6b2,/home/daytona/.local/share/compiler_gym/llvm-v0/cbench-v1-runtime-data/runtime_data/telecom_gsm_data/1.au
benchmark://cbench-v1/gsm,cbench-v1,A,1,O0,2,0.006530387,0,c5872720e8a99a35d3e03d7fe461cc92587c5de08d3f264cc5528b25c668c6b2,/home/daytona/.local/share/compiler_gym/llvm-v0/cbench-v1-runtime-data/runtime_data/telecom_gsm_data/1.au
benchmark://cbench-v1/gsm,cbench-v1,A,1,-licm,0,0.008397460,0,c5872720e8a99a35d3e03d7fe461cc92587c5de08d3f264cc5528b25c668c6b2,/home/daytona/.local/share/compiler_gym/llvm-v0/cbench-v1-runtime-data/runtime_data/telecom_gsm_data/1.au
benchmark://cbench-v1/gsm,cbench-v1,A,1,-licm,1,0.007080032,0,c5872720e8a99a35d3e03d7fe461cc92587c5de08d3f264cc5528b25c668c6b2,/home/daytona/.local/share/compiler_gym/llvm-v0/cbench-v1-runtime-data/runtime_data/telecom_gsm_data/1.au
benchmark://cbench-v1/gsm,cbench-v1,A,1,-licm,2,0.007016221,0,c5872720e8a99a35d3e03d7fe461cc92587c5de08d3f264cc5528b25c668c6b2,/home/daytona/.local/share/compiler_gym/llvm-v0/cbench-v1-runtime-data/runtime_data/telecom_gsm_data/1.au
benchmark://cbench-v1/gsm,cbench-v1,A,1,-loop-rotate,0,0.006630955,0,c5872720e8a99a35d3e03d7fe461cc92587c5de08d3f264cc5528b25c668c6b2,/home/daytona/.local/share/compiler_gym/llvm-v0/cbench-v1-runtime-data/runtime_data/telecom_gsm_data/1.au
benchmark://cbench-v1/gsm,cbench-v1,A,1,-loop-rotate,1,0.009389259,0,c5872720e8a99a35d3e03d7fe461cc92587c5de08d3f264cc5528b25c668c6b2,/home/daytona/.local/share/compiler_gym/llvm-v0/cbench-v1-runtime-data/runtime_data/telecom_gsm_data/1.au
benchmark://cbench-v1/gsm,cbench-v1,A,1,-loop-rotate,2,0.009308707,0,c5872720e8a99a35d3e03d7fe461cc92587c5de08d3f264cc5528b25c668c6b2,/home/daytona/.local/share/compiler_gym/llvm-v0/cbench-v1-runtime-data/runtime_data/telecom_gsm_data/1.au
benchmark://cbench-v1/gsm,cbench-v1,A,1,-loop-unroll,0,0.011275435,0,c5872720e8a99a35d3e03d7fe461cc92587c5de08d3f264cc5528b25c668c6b2,/home/daytona/.local/share/compiler_gym/llvm-v0/cbench-v1-runtime-data/runtime_data/telecom_gsm_data/1.au
benchmark://cbench-v1/gsm,cbench-v1,A,1,-loop-unroll,1,0.007438093,0,c5872720e8a99a35d3e03d7fe461cc92587c5de08d3f264cc5528b25c668c6b2,/home/daytona/.local/share/compiler_gym/llvm-v0/cbench-v1-runtime-data/runtime_data/telecom_gsm_data/1.au
benchmark://cbench-v1/gsm,cbench-v1,A,1,-loop-unroll,2,0.006607529,0,c5872720e8a99a35d3e03d7fe461cc92587c5de08d3f264cc5528b25c668c6b2,/home/daytona/.local/share/compiler_gym/llvm-v0/cbench-v1-runtime-data/runtime_data/telecom_gsm_data/1.au
benchmark://cbench-v1/gsm,cbench-v1,A,1,-loop-vectorize,0,0.006660696,0,c5872720e8a99a35d3e03d7fe461cc92587c5de08d3f264cc5528b25c668c6b2,/home/daytona/.local/share/compiler_gym/llvm-v0/cbench-v1-runtime-data/runtime_data/telecom_gsm_data/1.au
benchmark://cbench-v1/gsm,cbench-v1,A,1,-loop-vectorize,1,0.006609527,0,c5872720e8a99a35d3e03d7fe461cc92587c5de08d3f264cc5528b25c668c6b2,/home/daytona/.local/share/compiler_gym/llvm-v0/cbench-v1-runtime-data/runtime_data/telecom_gsm_data/1.au
benchmark://cbench-v1/gsm,cbench-v1,A,1,-loop-vectorize,2,0.007336944,0,c5872720e8a99a35d3e03d7fe461cc92587c5de08d3f264cc5528b25c668c6b2,/home/daytona/.local/share/compiler_gym/llvm-v0/cbench-v1-runtime-data/runtime_data/telecom_gsm_data/1.au
benchmark://cbench-v1/gsm,cbench-v1,A,1,-loop-deletion,0,0.007397071,0,c5872720e8a99a35d3e03d7fe461cc92587c5de08d3f264cc5528b25c668c6b2,/home/daytona/.local/share/compiler_gym/llvm-v0/cbench-v1-runtime-data/runtime_data/telecom_gsm_data/1.au
benchmark://cbench-v1/gsm,cbench-v1,A,1,-loop-deletion,1,0.006575415,0,c5872720e8a99a35d3e03d7fe461cc92587c5de08d3f264cc5528b25c668c6b2,/home/daytona/.local/share/compiler_gym/llvm-v0/cbench-v1-runtime-data/runtime_data/telecom_gsm_data/1.au
benchmark://cbench-v1/gsm,cbench-v1,A,1,-loop-deletion,2,0.006538427,0,c5872720e8a99a35d3e03d7fe461cc92587c5de08d3f264cc5528b25c668c6b2,/home/daytona/.local/share/compiler_gym/llvm-v0/cbench-v1-runtime-data/runtime_data/telecom_gsm_data/1.au
benchmark://cbench-v1/gsm,cbench-v1,A,1,-loop-unswitch,0,0.007259533,0,c5872720e8a99a35d3e03d7fe461cc92587c5de08d3f264cc5528b25c668c6b2,/home/daytona/.local/share/compiler_gym/llvm-v0/cbench-v1-runtime-data/runtime_data/telecom_gsm_data/1.au
benchmark://cbench-v1/gsm,cbench-v1,A,1,-loop-unswitch,1,0.010418817,0,c5872720e8a99a35d3e03d7fe461cc92587c5de08d3f264cc5528b25c668c6b2,/home/daytona/.local/share/compiler_gym/llvm-v0/cbench-v1-runtime-data/runtime_data/telecom_gsm_data/1.au
benchmark://cbench-v1/gsm,cbench-v1,A,1,-loop-unswitch,2,0.006525915,0,c5872720e8a99a35d3e03d7fe461cc92587c5de08d3f264cc5528b25c668c6b2,/home/daytona/.local/share/compiler_gym/llvm-v0/cbench-v1-runtime-data/runtime_data/telecom_gsm_data/1.au
benchmark://cbench-v1/gsm,cbench-v1,A,1,-loop-distribute,0,0.006484769,0,c5872720e8a99a35d3e03d7fe461cc92587c5de08d3f264cc5528b25c668c6b2,/home/daytona/.local/share/compiler_gym/llvm-v0/cbench-v1-runtime-data/runtime_data/telecom_gsm_data/1.au
benchmark://cbench-v1/gsm,cbench-v1,A,1,-loop-distribute,1,0.006559735,0,c5872720e8a99a35d3e03d7fe461cc92587c5de08d3f264cc5528b25c668c6b2,/home/daytona/.local/share/compiler_gym/llvm-v0/cbench-v1-runtime-data/runtime_data/telecom_gsm_data/1.au
benchmark://cbench-v1/gsm,cbench-v1,A,1,-loop-distribute,2,0.006509423,0,c5872720e8a99a35d3e03d7fe461cc92587c5de08d3f264cc5528b25c668c6b2,/home/daytona/.local/share/compiler_gym/llvm-v0/cbench-v1-runtime-data/runtime_data/telecom_gsm_data/1.au
benchmark://cbench-v1/gsm,cbench-v1,A,1,-indvars,0,0.006564187,0,c5872720e8a99a35d3e03d7fe461cc92587c5de08d3f264cc5528b25c668c6b2,/home/daytona/.local/share/compiler_gym/llvm-v0/cbench-v1-runtime-data/runtime_data/telecom_gsm_data/1.au
benchmark://cbench-v1/gsm,cbench-v1,A,1,-indvars,1,0.007322412,0,c5872720e8a99a35d3e03d7fe461cc92587c5de08d3f264cc5528b25c668c6b2,/home/daytona/.local/share/compiler_gym/llvm-v0/cbench-v1-runtime-data/runtime_data/telecom_gsm_data/1.au
benchmark://cbench-v1/gsm,cbench-v1,A,1,-indvars,2,0.006633686,0,c5872720e8a99a35d3e03d7fe461cc92587c5de08d3f264cc5528b25c668c6b2,/home/daytona/.local/share/compiler_gym/llvm-v0/cbench-v1-runtime-data/runtime_data/telecom_gsm_data/1.au
benchmark://cbench-v1/gsm,cbench-v1,A,2,O0,0,0.008451961,0,c5872720e8a99a35d3e03d7fe461cc92587c5de08d3f264cc5528b25c668c6b2,/home/daytona/.local/share/compiler_gym/llvm-v0/cbench-v1-runtime-data/runtime_data/telecom_gsm_data/1.au
benchmark://cbench-v1/gsm,cbench-v1,A,2,O0,1,0.008393303,0,c5872720e8a99a35d3e03d7fe461cc92587c5de08d3f264cc5528b25c668c6b2,/home/daytona/.local/share/compiler_gym/llvm-v0/cbench-v1-runtime-data/runtime_data/telecom_gsm_data/1.au
benchmark://cbench-v1/gsm,cbench-v1,A,2,O0,2,0.006408546,0,c5872720e8a99a35d3e03d7fe461cc92587c5de08d3f264cc5528b25c668c6b2,/home/daytona/.local/share/compiler_gym/llvm-v0/cbench-v1-runtime-data/runtime_data/telecom_gsm_data/1.au
benchmark://cbench-v1/gsm,cbench-v1,A,2,-licm,0,0.006300164,0,c5872720e8a99a35d3e03d7fe461cc92587c5de08d3f264cc5528b25c668c6b2,/home/daytona/.local/share/compiler_gym/llvm-v0/cbench-v1-runtime-data/runtime_data/telecom_gsm_data/1.au
benchmark://cbench-v1/gsm,cbench-v1,A,2,-licm,1,0.008195288,0,c5872720e8a99a35d3e03d7fe461cc92587c5de08d3f264cc5528b25c668c6b2,/home/daytona/.local/share/compiler_gym/llvm-v0/cbench-v1-runtime-data/runtime_data/telecom_gsm_data/1.au
benchmark://cbench-v1/gsm,cbench-v1,A,2,-licm,2,0.007058170,0,c5872720e8a99a35d3e03d7fe461cc92587c5de08d3f264cc5528b25c668c6b2,/home/daytona/.local/share/compiler_gym/llvm-v0/cbench-v1-runtime-data/runtime_data/telecom_gsm_data/1.au
benchmark://cbench-v1/gsm,cbench-v1,A,2,-loop-rotate,0,0.006285394,0,c5872720e8a99a35d3e03d7fe461cc92587c5de08d3f264cc5528b25c668c6b2,/home/daytona/.local/share/compiler_gym/llvm-v0/cbench-v1-runtime-data/runtime_data/telecom_gsm_data/1.au
benchmark://cbench-v1/gsm,cbench-v1,A,2,-loop-rotate,1,0.006341355,0,c5872720e8a99a35d3e03d7fe461cc92587c5de08d3f264cc5528b25c668c6b2,/home/daytona/.local/share/compiler_gym/llvm-v0/cbench-v1-runtime-data/runtime_data/telecom_gsm_data/1.au
benchmark://cbench-v1/gsm,cbench-v1,A,2,-loop-rotate,2,0.008381370,0,c5872720e8a99a35d3e03d7fe461cc92587c5de08d3f264cc5528b25c668c6b2,/home/daytona/.local/share/compiler_gym/llvm-v0/cbench-v1-runtime-data/runtime_data/telecom_gsm_data/1.au
benchmark://cbench-v1/gsm,cbench-v1,A,2,-loop-unroll,0,0.006874988,0,c5872720e8a99a35d3e03d7fe461cc92587c5de08d3f264cc5528b25c668c6b2,/home/daytona/.local/share/compiler_gym/llvm-v0/cbench-v1-runtime-data/runtime_data/telecom_gsm_data/1.au
benchmark://cbench-v1/gsm,cbench-v1,A,2,-loop-unroll,1,0.006609017,0,c5872720e8a99a35d3e03d7fe461cc92587c5de08d3f264cc5528b25c668c6b2,/home/daytona/.local/share/compiler_gym/llvm-v0/cbench-v1-runtime-data/runtime_data/telecom_gsm_data/1.au
benchmark://cbench-v1/gsm,cbench-v1,A,2,-loop-unroll,2,0.006355554,0,c5872720e8a99a35d3e03d7fe461cc92587c5de08d3f264cc5528b25c668c6b2,/home/daytona/.local/share/compiler_gym/llvm-v0/cbench-v1-runtime-data/runtime_data/telecom_gsm_data/1.au
benchmark://cbench-v1/gsm,cbench-v1,A,2,-loop-vectorize,0,0.007565236,0,c5872720e8a99a35d3e03d7fe461cc92587c5de08d3f264cc5528b25c668c6b2,/home/daytona/.local/share/compiler_gym/llvm-v0/cbench-v1-runtime-data/runtime_data/telecom_gsm_data/1.au
benchmark://cbench-v1/gsm,cbench-v1,A,2,-loop-vectorize,1,0.007424362,0,c5872720e8a99a35d3e03d7fe461cc92587c5de08d3f264cc5528b25c668c6b2,/home/daytona/.local/share/compiler_gym/llvm-v0/cbench-v1-runtime-data/runtime_data/telecom_gsm_data/1.au
benchmark://cbench-v1/gsm,cbench-v1,A,2,-loop-vectorize,2,0.007194823,0,c5872720e8a99a35d3e03d7fe461cc92587c5de08d3f264cc5528b25c668c6b2,/home/daytona/.local/share/compiler_gym/llvm-v0/cbench-v1-runtime-data/runtime_data/telecom_gsm_data/1.au
benchmark://cbench-v1/gsm,cbench-v1,A,2,-loop-deletion,0,0.006514674,0,c5872720e8a99a35d3e03d7fe461cc92587c5de08d3f264cc5528b25c668c6b2,/home/daytona/.local/share/compiler_gym/llvm-v0/cbench-v1-runtime-data/runtime_data/telecom_gsm_data/1.au
benchmark://cbench-v1/gsm,cbench-v1,A,2,-loop-deletion,1,0.006480904,0,c5872720e8a99a35d3e03d7fe461cc92587c5de08d3f264cc5528b25c668c6b2,/home/daytona/.local/share/compiler_gym/llvm-v0/cbench-v1-runtime-data/runtime_data/telecom_gsm_data/1.au
benchmark://cbench-v1/gsm,cbench-v1,A,2,-loop-deletion,2,0.006358523,0,c5872720e8a99a35d3e03d7fe461cc92587c5de08d3f264cc5528b25c668c6b2,/home/daytona/.local/share/compiler_gym/llvm-v0/cbench-v1-runtime-data/runtime_data/telecom_gsm_data/1.au
benchmark://cbench-v1/gsm,cbench-v1,A,2,-loop-unswitch,0,0.006370563,0,c5872720e8a99a35d3e03d7fe461cc92587c5de08d3f264cc5528b25c668c6b2,/home/daytona/.local/share/compiler_gym/llvm-v0/cbench-v1-runtime-data/runtime_data/telecom_gsm_data/1.au
benchmark://cbench-v1/gsm,cbench-v1,A,2,-loop-unswitch,1,0.006409496,0,c5872720e8a99a35d3e03d7fe461cc92587c5de08d3f264cc5528b25c668c6b2,/home/daytona/.local/share/compiler_gym/llvm-v0/cbench-v1-runtime-data/runtime_data/telecom_gsm_data/1.au
benchmark://cbench-v1/gsm,cbench-v1,A,2,-loop-unswitch,2,0.007175623,0,c5872720e8a99a35d3e03d7fe461cc92587c5de08d3f264cc5528b25c668c6b2,/home/daytona/.local/share/compiler_gym/llvm-v0/cbench-v1-runtime-data/runtime_data/telecom_gsm_data/1.au
benchmark://cbench-v1/gsm,cbench-v1,A,2,-loop-distribute,0,0.006485876,0,c5872720e8a99a35d3e03d7fe461cc92587c5de08d3f264cc5528b25c668c6b2,/home/daytona/.local/share/compiler_gym/llvm-v0/cbench-v1-runtime-data/runtime_data/telecom_gsm_data/1.au
benchmark://cbench-v1/gsm,cbench-v1,A,2,-loop-distribute,1,0.007349811,0,c5872720e8a99a35d3e03d7fe461cc92587c5de08d3f264cc5528b25c668c6b2,/home/daytona/.local/share/compiler_gym/llvm-v0/cbench-v1-runtime-data/runtime_data/telecom_gsm_data/1.au
benchmark://cbench-v1/gsm,cbench-v1,A,2,-loop-distribute,2,0.007654063,0,c5872720e8a99a35d3e03d7fe461cc92587c5de08d3f264cc5528b25c668c6b2,/home/daytona/.local/share/compiler_gym/llvm-v0/cbench-v1-runtime-data/runtime_data/telecom_gsm_data/1.au
benchmark://cbench-v1/gsm,cbench-v1,A,2,-indvars,0,0.006725987,0,c5872720e8a99a35d3e03d7fe461cc92587c5de08d3f264cc5528b25c668c6b2,/home/daytona/.local/share/compiler_gym/llvm-v0/cbench-v1-runtime-data/runtime_data/telecom_gsm_data/1.au
benchmark://cbench-v1/gsm,cbench-v1,A,2,-indvars,1,0.007654317,0,c5872720e8a99a35d3e03d7fe461cc92587c5de08d3f264cc5528b25c668c6b2,/home/daytona/.local/share/compiler_gym/llvm-v0/cbench-v1-runtime-data/runtime_data/telecom_gsm_data/1.au
benchmark://cbench-v1/gsm,cbench-v1,A,2,-indvars,2,0.009053767,0,c5872720e8a99a35d3e03d7fe461cc92587c5de08d3f264cc5528b25c668c6b2,/home/daytona/.local/share/compiler_gym/llvm-v0/cbench-v1-runtime-data/runtime_data/telecom_gsm_data/1.au
benchmark://cbench-v1/gsm,cbench-v1,B,1,O0,0,0.675223950,0,09c2c7c190d3209af2861c66f37792d186770381cecd6c1256006d254e51e943,/home/daytona/.local/share/compiler_gym/llvm-v0/cbench-v1-runtime-data/runtime_data/telecom_gsm_data/2.au
benchmark://cbench-v1/gsm,cbench-v1,B,1,O0,1,0.746172687,0,09c2c7c190d3209af2861c66f37792d186770381cecd6c1256006d254e51e943,/home/daytona/.local/share/compiler_gym/llvm-v0/cbench-v1-runtime-data/runtime_data/telecom_gsm_data/2.au
benchmark://cbench-v1/gsm,cbench-v1,B,1,O0,2,0.764083769,0,09c2c7c190d3209af2861c66f37792d186770381cecd6c1256006d254e51e943,/home/daytona/.local/share/compiler_gym/llvm-v0/cbench-v1-runtime-data/runtime_data/telecom_gsm_data/2.au
benchmark://cbench-v1/gsm,cbench-v1,B,1,O0,3,0.691518638,0,09c2c7c190d3209af2861c66f37792d186770381cecd6c1256006d254e51e943,/home/daytona/.local/share/compiler_gym/llvm-v0/cbench-v1-runtime-data/runtime_data/telecom_gsm_data/2.au
benchmark://cbench-v1/gsm,cbench-v1,B,1,O0,4,0.692081831,0,09c2c7c190d3209af2861c66f37792d186770381cecd6c1256006d254e51e943,/home/daytona/.local/share/compiler_gym/llvm-v0/cbench-v1-runtime-data/runtime_data/telecom_gsm_data/2.au
benchmark://cbench-v1/gsm,cbench-v1,B,1,-licm,0,0.655837316,0,09c2c7c190d3209af2861c66f37792d186770381cecd6c1256006d254e51e943,/home/daytona/.local/share/compiler_gym/llvm-v0/cbench-v1-runtime-data/runtime_data/telecom_gsm_data/2.au
benchmark://cbench-v1/gsm,cbench-v1,B,1,-licm,1,0.679809859,0,09c2c7c190d3209af2861c66f37792d186770381cecd6c1256006d254e51e943,/home/daytona/.local/share/compiler_gym/llvm-v0/cbench-v1-runtime-data/runtime_data/telecom_gsm_data/2.au
benchmark://cbench-v1/gsm,cbench-v1,B,1,-licm,2,0.820848769,0,09c2c7c190d3209af2861c66f37792d186770381cecd6c1256006d254e51e943,/home/daytona/.local/share/compiler_gym/llvm-v0/cbench-v1-runtime-data/runtime_data/telecom_gsm_data/2.au
benchmark://cbench-v1/gsm,cbench-v1,B,1,-licm,3,0.664173156,0,09c2c7c190d3209af2861c66f37792d186770381cecd6c1256006d254e51e943,/home/daytona/.local/share/compiler_gym/llvm-v0/cbench-v1-runtime-data/runtime_data/telecom_gsm_data/2.au
benchmark://cbench-v1/gsm,cbench-v1,B,1,-licm,4,0.673973259,0,09c2c7c190d3209af2861c66f37792d186770381cecd6c1256006d254e51e943,/home/daytona/.local/share/compiler_gym/llvm-v0/cbench-v1-runtime-data/runtime_data/telecom_gsm_data/2.au
benchmark://cbench-v1/gsm,cbench-v1,B,1,-loop-rotate,0,0.678525878,0,09c2c7c190d3209af2861c66f37792d186770381cecd6c1256006d254e51e943,/home/daytona/.local/share/compiler_gym/llvm-v0/cbench-v1-runtime-data/runtime_data/telecom_gsm_data/2.au
benchmark://cbench-v1/gsm,cbench-v1,B,1,-loop-rotate,1,0.776712600,0,09c2c7c190d3209af2861c66f37792d186770381cecd6c1256006d254e51e943,/home/daytona/.local/share/compiler_gym/llvm-v0/cbench-v1-runtime-data/runtime_data/telecom_gsm_data/2.au
benchmark://cbench-v1/gsm,cbench-v1,B,1,-loop-rotate,2,0.685382500,0,09c2c7c190d3209af2861c66f37792d186770381cecd6c1256006d254e51e943,/home/daytona/.local/share/compiler_gym/llvm-v0/cbench-v1-runtime-data/runtime_data/telecom_gsm_data/2.au
benchmark://cbench-v1/gsm,cbench-v1,B,1,-loop-rotate,3,0.665651189,0,09c2c7c190d3209af2861c66f37792d186770381cecd6c1256006d254e51e943,/home/daytona/.local/share/compiler_gym/llvm-v0/cbench-v1-runtime-data/runtime_data/telecom_gsm_data/2.au
benchmark://cbench-v1/gsm,cbench-v1,B,1,-loop-rotate,4,0.670620220,0,09c2c7c190d3209af2861c66f37792d186770381cecd6c1256006d254e51e943,/home/daytona/.local/share/compiler_gym/llvm-v0/cbench-v1-runtime-data/runtime_data/telecom_gsm_data/2.au
benchmark://cbench-v1/gsm,cbench-v1,B,1,-loop-unroll,0,0.702645902,0,09c2c7c190d3209af2861c66f37792d186770381cecd6c1256006d254e51e943,/home/daytona/.local/share/compiler_gym/llvm-v0/cbench-v1-runtime-data/runtime_data/telecom_gsm_data/2.au
benchmark://cbench-v1/gsm,cbench-v1,B,1,-loop-unroll,1,0.801787611,0,09c2c7c190d3209af2861c66f37792d186770381cecd6c1256006d254e51e943,/home/daytona/.local/share/compiler_gym/llvm-v0/cbench-v1-runtime-data/runtime_data/telecom_gsm_data/2.au
benchmark://cbench-v1/gsm,cbench-v1,B,1,-loop-unroll,2,0.705823703,0,09c2c7c190d3209af2861c66f37792d186770381cecd6c1256006d254e51e943,/home/daytona/.local/share/compiler_gym/llvm-v0/cbench-v1-runtime-data/runtime_data/telecom_gsm_data/2.au
benchmark://cbench-v1/gsm,cbench-v1,B,1,-loop-unroll,3,0.663965778,0,09c2c7c190d3209af2861c66f37792d186770381cecd6c1256006d254e51e943,/home/daytona/.local/share/compiler_gym/llvm-v0/cbench-v1-runtime-data/runtime_data/telecom_gsm_data/2.au
benchmark://cbench-v1/gsm,cbench-v1,B,1,-loop-unroll,4,0.689112537,0,09c2c7c190d3209af2861c66f37792d186770381cecd6c1256006d254e51e943,/home/daytona/.local/share/compiler_gym/llvm-v0/cbench-v1-runtime-data/runtime_data/telecom_gsm_data/2.au
benchmark://cbench-v1/gsm,cbench-v1,B,1,-loop-vectorize,0,0.677113177,0,09c2c7c190d3209af2861c66f37792d186770381cecd6c1256006d254e51e943,/home/daytona/.local/share/compiler_gym/llvm-v0/cbench-v1-runtime-data/runtime_data/telecom_gsm_data/2.au
benchmark://cbench-v1/gsm,cbench-v1,B,1,-loop-vectorize,1,0.816055084,0,09c2c7c190d3209af2861c66f37792d186770381cecd6c1256006d254e51e943,/home/daytona/.local/share/compiler_gym/llvm-v0/cbench-v1-runtime-data/runtime_data/telecom_gsm_data/2.au
benchmark://cbench-v1/gsm,cbench-v1,B,1,-loop-vectorize,2,0.714676237,0,09c2c7c190d3209af2861c66f37792d186770381cecd6c1256006d254e51e943,/home/daytona/.local/share/compiler_gym/llvm-v0/cbench-v1-runtime-data/runtime_data/telecom_gsm_data/2.au
benchmark://cbench-v1/gsm,cbench-v1,B,1,-loop-vectorize,3,0.702158259,0,09c2c7c190d3209af2861c66f37792d186770381cecd6c1256006d254e51e943,/home/daytona/.local/share/compiler_gym/llvm-v0/cbench-v1-runtime-data/runtime_data/telecom_gsm_data/2.au
benchmark://cbench-v1/gsm,cbench-v1,B,1,-loop-vectorize,4,0.723041626,0,09c2c7c190d3209af2861c66f37792d186770381cecd6c1256006d254e51e943,/home/daytona/.local/share/compiler_gym/llvm-v0/cbench-v1-runtime-data/runtime_data/telecom_gsm_data/2.au
benchmark://cbench-v1/gsm,cbench-v1,B,1,-loop-deletion,0,0.688105499,0,09c2c7c190d3209af2861c66f37792d186770381cecd6c1256006d254e51e943,/home/daytona/.local/share/compiler_gym/llvm-v0/cbench-v1-runtime-data/runtime_data/telecom_gsm_data/2.au
benchmark://cbench-v1/gsm,cbench-v1,B,1,-loop-deletion,1,0.725899408,0,09c2c7c190d3209af2861c66f37792d186770381cecd6c1256006d254e51e943,/home/daytona/.local/share/compiler_gym/llvm-v0/cbench-v1-runtime-data/runtime_data/telecom_gsm_data/2.au
benchmark://cbench-v1/gsm,cbench-v1,B,1,-loop-deletion,2,0.709848156,0,09c2c7c190d3209af2861c66f37792d186770381cecd6c1256006d254e51e943,/home/daytona/.local/share/compiler_gym/llvm-v0/cbench-v1-runtime-data/runtime_data/telecom_gsm_data/2.au
benchmark://cbench-v1/gsm,cbench-v1,B,1,-loop-deletion,3,0.804003045,0,09c2c7c190d3209af2861c66f37792d186770381cecd6c1256006d254e51e943,/home/daytona/.local/share/compiler_gym/llvm-v0/cbench-v1-runtime-data/runtime_data/telecom_gsm_data/2.au
benchmark://cbench-v1/gsm,cbench-v1,B,1,-loop-deletion,4,0.684041984,0,09c2c7c190d3209af2861c66f37792d186770381cecd6c1256006d254e51e943,/home/daytona/.local/share/compiler_gym/llvm-v0/cbench-v1-runtime-data/runtime_data/telecom_gsm_data/2.au
benchmark://cbench-v1/gsm,cbench-v1,B,1,-loop-unswitch,0,0.686271992,0,09c2c7c190d3209af2861c66f37792d186770381cecd6c1256006d254e51e943,/home/daytona/.local/share/compiler_gym/llvm-v0/cbench-v1-runtime-data/runtime_data/telecom_gsm_data/2.au
benchmark://cbench-v1/gsm,cbench-v1,B,1,-loop-unswitch,1,0.697561696,0,09c2c7c190d3209af2861c66f37792d186770381cecd6c1256006d254e51e943,/home/daytona/.local/share/compiler_gym/llvm-v0/cbench-v1-runtime-data/runtime_data/telecom_gsm_data/2.au
benchmark://cbench-v1/gsm,cbench-v1,B,1,-loop-unswitch,2,0.688431295,0,09c2c7c190d3209af2861c66f37792d186770381cecd6c1256006d254e51e943,/home/daytona/.local/share/compiler_gym/llvm-v0/cbench-v1-runtime-data/runtime_data/telecom_gsm_data/2.au
benchmark://cbench-v1/gsm,cbench-v1,B,1,-loop-unswitch,3,0.742421640,0,09c2c7c190d3209af2861c66f37792d186770381cecd6c1256006d254e51e943,/home/daytona/.local/share/compiler_gym/llvm-v0/cbench-v1-runtime-data/runtime_data/telecom_gsm_data/2.au
benchmark://cbench-v1/gsm,cbench-v1,B,1,-loop-unswitch,4,0.691677891,0,09c2c7c190d3209af2861c66f37792d186770381cecd6c1256006d254e51e943,/home/daytona/.local/share/compiler_gym/llvm-v0/cbench-v1-runtime-data/runtime_data/telecom_gsm_data/2.au
benchmark://cbench-v1/gsm,cbench-v1,B,1,-loop-distribute,0,0.686923476,0,09c2c7c190d3209af2861c66f37792d186770381cecd6c1256006d254e51e943,/home/daytona/.local/share/compiler_gym/llvm-v0/cbench-v1-runtime-data/runtime_data/telecom_gsm_data/2.au
benchmark://cbench-v1/gsm,cbench-v1,B,1,-loop-distribute,1,0.705668094,0,09c2c7c190d3209af2861c66f37792d186770381cecd6c1256006d254e51e943,/home/daytona/.local/share/compiler_gym/llvm-v0/cbench-v1-runtime-data/runtime_data/telecom_gsm_data/2.au
benchmark://cbench-v1/gsm,cbench-v1,B,1,-loop-distribute,2,0.712488852,0,09c2c7c190d3209af2861c66f37792d186770381cecd6c1256006d254e51e943,/home/daytona/.local/share/compiler_gym/llvm-v0/cbench-v1-runtime-data/runtime_data/telecom_gsm_data/2.au
benchmark://cbench-v1/gsm,cbench-v1,B,1,-loop-distribute,3,0.723442100,0,09c2c7c190d3209af2861c66f37792d186770381cecd6c1256006d254e51e943,/home/daytona/.local/share/compiler_gym/llvm-v0/cbench-v1-runtime-data/runtime_data/telecom_gsm_data/2.au
benchmark://cbench-v1/gsm,cbench-v1,B,1,-loop-distribute,4,0.672358235,0,09c2c7c190d3209af2861c66f37792d186770381cecd6c1256006d254e51e943,/home/daytona/.local/share/compiler_gym/llvm-v0/cbench-v1-runtime-data/runtime_data/telecom_gsm_data/2.au
benchmark://cbench-v1/gsm,cbench-v1,B,1,-indvars,0,0.665935697,0,09c2c7c190d3209af2861c66f37792d186770381cecd6c1256006d254e51e943,/home/daytona/.local/share/compiler_gym/llvm-v0/cbench-v1-runtime-data/runtime_data/telecom_gsm_data/2.au
benchmark://cbench-v1/gsm,cbench-v1,B,1,-indvars,1,0.713465352,0,09c2c7c190d3209af2861c66f37792d186770381cecd6c1256006d254e51e943,/home/daytona/.local/share/compiler_gym/llvm-v0/cbench-v1-runtime-data/runtime_data/telecom_gsm_data/2.au
benchmark://cbench-v1/gsm,cbench-v1,B,1,-indvars,2,0.711778773,0,09c2c7c190d3209af2861c66f37792d186770381cecd6c1256006d254e51e943,/home/daytona/.local/share/compiler_gym/llvm-v0/cbench-v1-runtime-data/runtime_data/telecom_gsm_data/2.au
benchmark://cbench-v1/gsm,cbench-v1,B,1,-indvars,3,0.688001849,0,09c2c7c190d3209af2861c66f37792d186770381cecd6c1256006d254e51e943,/home/daytona/.local/share/compiler_gym/llvm-v0/cbench-v1-runtime-data/runtime_data/telecom_gsm_data/2.au
benchmark://cbench-v1/gsm,cbench-v1,B,1,-indvars,4,0.672050122,0,09c2c7c190d3209af2861c66f37792d186770381cecd6c1256006d254e51e943,/home/daytona/.local/share/compiler_gym/llvm-v0/cbench-v1-runtime-data/runtime_data/telecom_gsm_data/2.au
benchmark://cbench-v1/gsm,cbench-v1,B,2,O0,0,0.686354768,0,09c2c7c190d3209af2861c66f37792d186770381cecd6c1256006d254e51e943,/home/daytona/.local/share/compiler_gym/llvm-v0/cbench-v1-runtime-data/runtime_data/telecom_gsm_data/2.au
benchmark://cbench-v1/gsm,cbench-v1,B,2,O0,1,0.781023867,0,09c2c7c190d3209af2861c66f37792d186770381cecd6c1256006d254e51e943,/home/daytona/.local/share/compiler_gym/llvm-v0/cbench-v1-runtime-data/runtime_data/telecom_gsm_data/2.au
benchmark://cbench-v1/gsm,cbench-v1,B,2,O0,2,0.834302917,0,09c2c7c190d3209af2861c66f37792d186770381cecd6c1256006d254e51e943,/home/daytona/.local/share/compiler_gym/llvm-v0/cbench-v1-runtime-data/runtime_data/telecom_gsm_data/2.au
benchmark://cbench-v1/gsm,cbench-v1,B,2,O0,3,0.681478553,0,09c2c7c190d3209af2861c66f37792d186770381cecd6c1256006d254e51e943,/home/daytona/.local/share/compiler_gym/llvm-v0/cbench-v1-runtime-data/runtime_data/telecom_gsm_data/2.au
benchmark://cbench-v1/gsm,cbench-v1,B,2,O0,4,0.686800044,0,09c2c7c190d3209af2861c66f37792d186770381cecd6c1256006d254e51e943,/home/daytona/.local/share/compiler_gym/llvm-v0/cbench-v1-runtime-data/runtime_data/telecom_gsm_data/2.au
benchmark://cbench-v1/gsm,cbench-v1,B,2,-licm,0,0.683440205,0,09c2c7c190d3209af2861c66f37792d186770381cecd6c1256006d254e51e943,/home/daytona/.local/share/compiler_gym/llvm-v0/cbench-v1-runtime-data/runtime_data/telecom_gsm_data/2.au
benchmark://cbench-v1/gsm,cbench-v1,B,2,-licm,1,0.683831735,0,09c2c7c190d3209af2861c66f37792d186770381cecd6c1256006d254e51e943,/home/daytona/.local/share/compiler_gym/llvm-v0/cbench-v1-runtime-data/runtime_data/telecom_gsm_data/2.au
benchmark://cbench-v1/gsm,cbench-v1,B,2,-licm,2,0.779021198,0,09c2c7c190d3209af2861c66f37792d186770381cecd6c1256006d254e51e943,/home/daytona/.local/share/compiler_gym/llvm-v0/cbench-v1-runtime-data/runtime_data/telecom_gsm_data/2.au
benchmark://cbench-v1/gsm,cbench-v1,B,2,-licm,3,0.678230811,0,09c2c7c190d3209af2861c66f37792d186770381cecd6c1256006d254e51e943,/home/daytona/.local/share/compiler_gym/llvm-v0/cbench-v1-runtime-data/runtime_data/telecom_gsm_data/2.au
benchmark://cbench-v1/gsm,cbench-v1,B,2,-licm,4,0.657383846,0,09c2c7c190d3209af2861c66f37792d186770381cecd6c1256006d254e51e943,/home/daytona/.local/share/compiler_gym/llvm-v0/cbench-v1-runtime-data/runtime_data/telecom_gsm_data/2.au
benchmark://cbench-v1/gsm,cbench-v1,B,2,-loop-rotate,0,0.808595346,0,09c2c7c190d3209af2861c66f37792d186770381cecd6c1256006d254e51e943,/home/daytona/.local/share/compiler_gym/llvm-v0/cbench-v1-runtime-data/runtime_data/telecom_gsm_data/2.au
benchmark://cbench-v1/gsm,cbench-v1,B,2,-loop-rotate,1,0.645162988,0,09c2c7c190d3209af2861c66f37792d186770381cecd6c1256006d254e51e943,/home/daytona/.local/share/compiler_gym/llvm-v0/cbench-v1-runtime-data/runtime_data/telecom_gsm_data/2.au
benchmark://cbench-v1/gsm,cbench-v1,B,2,-loop-rotate,2,0.903906241,0,09c2c7c190d3209af2861c66f37792d186770381cecd6c1256006d254e51e943,/home/daytona/.local/share/compiler_gym/llvm-v0/cbench-v1-runtime-data/runtime_data/telecom_gsm_data/2.au
benchmark://cbench-v1/gsm,cbench-v1,B,2,-loop-rotate,3,0.675696943,0,09c2c7c190d3209af2861c66f37792d186770381cecd6c1256006d254e51e943,/home/daytona/.local/share/compiler_gym/llvm-v0/cbench-v1-runtime-data/runtime_data/telecom_gsm_data/2.au
benchmark://cbench-v1/gsm,cbench-v1,B,2,-loop-rotate,4,0.663695587,0,09c2c7c190d3209af2861c66f37792d186770381cecd6c1256006d254e51e943,/home/daytona/.local/share/compiler_gym/llvm-v0/cbench-v1-runtime-data/runtime_data/telecom_gsm_data/2.au
benchmark://cbench-v1/gsm,cbench-v1,B,2,-loop-unroll,0,0.664695224,0,09c2c7c190d3209af2861c66f37792d186770381cecd6c1256006d254e51e943,/home/daytona/.local/share/compiler_gym/llvm-v0/cbench-v1-runtime-data/runtime_data/telecom_gsm_data/2.au
benchmark://cbench-v1/gsm,cbench-v1,B,2,-loop-unroll,1,0.696124207,0,09c2c7c190d3209af2861c66f37792d186770381cecd6c1256006d254e51e943,/home/daytona/.local/share/compiler_gym/llvm-v0/cbench-v1-runtime-data/runtime_data/telecom_gsm_data/2.au
benchmark://cbench-v1/gsm,cbench-v1,B,2,-loop-unroll,2,0.894496147,0,09c2c7c190d3209af2861c66f37792d186770381cecd6c1256006d254e51e943,/home/daytona/.local/share/compiler_gym/llvm-v0/cbench-v1-runtime-data/runtime_data/telecom_gsm_data/2.au
benchmark://cbench-v1/gsm,cbench-v1,B,2,-loop-unroll,3,0.711619627,0,09c2c7c190d3209af2861c66f37792d186770381cecd6c1256006d254e51e943,/home/daytona/.local/share/compiler_gym/llvm-v0/cbench-v1-runtime-data/runtime_data/telecom_gsm_data/2.au
benchmark://cbench-v1/gsm,cbench-v1,B,2,-loop-unroll,4,0.661407709,0,09c2c7c190d3209af2861c66f37792d186770381cecd6c1256006d254e51e943,/home/daytona/.local/share/compiler_gym/llvm-v0/cbench-v1-runtime-data/runtime_data/telecom_gsm_data/2.au
benchmark://cbench-v1/gsm,cbench-v1,B,2,-loop-vectorize,0,0.689899178,0,09c2c7c190d3209af2861c66f37792d186770381cecd6c1256006d254e51e943,/home/daytona/.local/share/compiler_gym/llvm-v0/cbench-v1-runtime-data/runtime_data/telecom_gsm_data/2.au
benchmark://cbench-v1/gsm,cbench-v1,B,2,-loop-vectorize,1,0.696900416,0,09c2c7c190d3209af2861c66f37792d186770381cecd6c1256006d254e51e943,/home/daytona/.local/share/compiler_gym/llvm-v0/cbench-v1-runtime-data/runtime_data/telecom_gsm_data/2.au
benchmark://cbench-v1/gsm,cbench-v1,B,2,-loop-vectorize,2,0.906528573,0,09c2c7c190d3209af2861c66f37792d186770381cecd6c1256006d254e51e943,/home/daytona/.local/share/compiler_gym/llvm-v0/cbench-v1-runtime-data/runtime_data/telecom_gsm_data/2.au
benchmark://cbench-v1/gsm,cbench-v1,B,2,-loop-vectorize,3,0.754261848,0,09c2c7c190d3209af2861c66f37792d186770381cecd6c1256006d254e51e943,/home/daytona/.local/share/compiler_gym/llvm-v0/cbench-v1-runtime-data/runtime_data/telecom_gsm_data/2.au
benchmark://cbench-v1/gsm,cbench-v1,B,2,-loop-vectorize,4,0.665664237,0,09c2c7c190d3209af2861c66f37792d186770381cecd6c1256006d254e51e943,/home/daytona/.local/share/compiler_gym/llvm-v0/cbench-v1-runtime-data/runtime_data/telecom_gsm_data/2.au
benchmark://cbench-v1/gsm,cbench-v1,B,2,-loop-deletion,0,0.692985704,0,09c2c7c190d3209af2861c66f37792d186770381cecd6c1256006d254e51e943,/home/daytona/.local/share/compiler_gym/llvm-v0/cbench-v1-runtime-data/runtime_data/telecom_gsm_data/2.au
benchmark://cbench-v1/gsm,cbench-v1,B,2,-loop-deletion,1,0.705420719,0,09c2c7c190d3209af2861c66f37792d186770381cecd6c1256006d254e51e943,/home/daytona/.local/share/compiler_gym/llvm-v0/cbench-v1-runtime-data/runtime_data/telecom_gsm_data/2.au
benchmark://cbench-v1/gsm,cbench-v1,B,2,-loop-deletion,2,0.904733034,0,09c2c7c190d3209af2861c66f37792d186770381cecd6c1256006d254e51e943,/home/daytona/.local/share/compiler_gym/llvm-v0/cbench-v1-runtime-data/runtime_data/telecom_gsm_data/2.au
benchmark://cbench-v1/gsm,cbench-v1,B,2,-loop-deletion,3,0.693969369,0,09c2c7c190d3209af2861c66f37792d186770381cecd6c1256006d254e51e943,/home/daytona/.local/share/compiler_gym/llvm-v0/cbench-v1-runtime-data/runtime_data/telecom_gsm_data/2.au
benchmark://cbench-v1/gsm,cbench-v1,B,2,-loop-deletion,4,0.690660909,0,09c2c7c190d3209af2861c66f37792d186770381cecd6c1256006d254e51e943,/home/daytona/.local/share/compiler_gym/llvm-v0/cbench-v1-runtime-data/runtime_data/telecom_gsm_data/2.au
benchmark://cbench-v1/gsm,cbench-v1,B,2,-loop-unswitch,0,0.665968107,0,09c2c7c190d3209af2861c66f37792d186770381cecd6c1256006d254e51e943,/home/daytona/.local/share/compiler_gym/llvm-v0/cbench-v1-runtime-data/runtime_data/telecom_gsm_data/2.au
benchmark://cbench-v1/gsm,cbench-v1,B,2,-loop-unswitch,1,0.693523629,0,09c2c7c190d3209af2861c66f37792d186770381cecd6c1256006d254e51e943,/home/daytona/.local/share/compiler_gym/llvm-v0/cbench-v1-runtime-data/runtime_data/telecom_gsm_data/2.au
benchmark://cbench-v1/gsm,cbench-v1,B,2,-loop-unswitch,2,0.793580763,0,09c2c7c190d3209af2861c66f37792d186770381cecd6c1256006d254e51e943,/home/daytona/.local/share/compiler_gym/llvm-v0/cbench-v1-runtime-data/runtime_data/telecom_gsm_data/2.au
benchmark://cbench-v1/gsm,cbench-v1,B,2,-loop-unswitch,3,0.792340472,0,09c2c7c190d3209af2861c66f37792d186770381cecd6c1256006d254e51e943,/home/daytona/.local/share/compiler_gym/llvm-v0/cbench-v1-runtime-data/runtime_data/telecom_gsm_data/2.au
benchmark://cbench-v1/gsm,cbench-v1,B,2,-loop-unswitch,4,0.762202993,0,09c2c7c190d3209af2861c66f37792d186770381cecd6c1256006d254e51e943,/home/daytona/.local/share/compiler_gym/llvm-v0/cbench-v1-runtime-data/runtime_data/telecom_gsm_data/2.au
benchmark://cbench-v1/gsm,cbench-v1,B,2,-loop-distribute,0,0.688691050,0,09c2c7c190d3209af2861c66f37792d186770381cecd6c1256006d254e51e943,/home/daytona/.local/share/compiler_gym/llvm-v0/cbench-v1-runtime-data/runtime_data/telecom_gsm_data/2.au
benchmark://cbench-v1/gsm,cbench-v1,B,2,-loop-distribute,1,0.722872483,0,09c2c7c190d3209af2861c66f37792d186770381cecd6c1256006d254e51e943,/home/daytona/.local/share/compiler_gym/llvm-v0/cbench-v1-runtime-data/runtime_data/telecom_gsm_data/2.au
benchmark://cbench-v1/gsm,cbench-v1,B,2,-loop-distribute,2,0.688209552,0,09c2c7c190d3209af2861c66f37792d186770381cecd6c1256006d254e51e943,/home/daytona/.local/share/compiler_gym/llvm-v0/cbench-v1-runtime-data/runtime_data/telecom_gsm_data/2.au
benchmark://cbench-v1/gsm,cbench-v1,B,2,-loop-distribute,3,0.677068191,0,09c2c7c190d3209af2861c66f37792d186770381cecd6c1256006d254e51e943,/home/daytona/.local/share/compiler_gym/llvm-v0/cbench-v1-runtime-data/runtime_data/telecom_gsm_data/2.au
benchmark://cbench-v1/gsm,cbench-v1,B,2,-loop-distribute,4,0.822963746,0,09c2c7c190d3209af2861c66f37792d186770381cecd6c1256006d254e51e943,/home/daytona/.local/share/compiler_gym/llvm-v0/cbench-v1-runtime-data/runtime_data/telecom_gsm_data/2.au
benchmark://cbench-v1/gsm,cbench-v1,B,2,-indvars,0,0.697011076,0,09c2c7c190d3209af2861c66f37792d186770381cecd6c1256006d254e51e943,/home/daytona/.local/share/compiler_gym/llvm-v0/cbench-v1-runtime-data/runtime_data/telecom_gsm_data/2.au
benchmark://cbench-v1/gsm,cbench-v1,B,2,-indvars,1,0.686812591,0,09c2c7c190d3209af2861c66f37792d186770381cecd6c1256006d254e51e943,/home/daytona/.local/share/compiler_gym/llvm-v0/cbench-v1-runtime-data/runtime_data/telecom_gsm_data/2.au
benchmark://cbench-v1/gsm,cbench-v1,B,2,-indvars,2,0.771623986,0,09c2c7c190d3209af2861c66f37792d186770381cecd6c1256006d254e51e943,/home/daytona/.local/share/compiler_gym/llvm-v0/cbench-v1-runtime-data/runtime_data/telecom_gsm_data/2.au
benchmark://cbench-v1/gsm,cbench-v1,B,2,-indvars,3,0.665831849,0,09c2c7c190d3209af2861c66f37792d186770381cecd6c1256006d254e51e943,/home/daytona/.local/share/compiler_gym/llvm-v0/cbench-v1-runtime-data/runtime_data/telecom_gsm_data/2.au
benchmark://cbench-v1/gsm,cbench-v1,B,2,-indvars,4,0.669101795,0,09c2c7c190d3209af2861c66f37792d186770381cecd6c1256006d254e51e943,/home/daytona/.local/share/compiler_gym/llvm-v0/cbench-v1-runtime-data/runtime_data/telecom_gsm_data/2.au
benchmark://cbench-v1/dijkstra,cbench-v1,A,1,O0,0,0.002043538,0,abcacdf428a5d400013899cd1429691906b2e630948728ec89ffebce708fe45c,/home/daytona/.local/share/compiler_gym/llvm-v0/cbench-v1-runtime-data/runtime_data/network_dijkstra_data/1.dat
benchmark://cbench-v1/dijkstra,cbench-v1,A,1,O0,1,0.001997186,0,abcacdf428a5d400013899cd1429691906b2e630948728ec89ffebce708fe45c,/home/daytona/.local/share/compiler_gym/llvm-v0/cbench-v1-runtime-data/runtime_data/network_dijkstra_data/1.dat
benchmark://cbench-v1/dijkstra,cbench-v1,A,1,O0,2,0.001966996,0,abcacdf428a5d400013899cd1429691906b2e630948728ec89ffebce708fe45c,/home/daytona/.local/share/compiler_gym/llvm-v0/cbench-v1-runtime-data/runtime_data/network_dijkstra_data/1.dat
benchmark://cbench-v1/dijkstra,cbench-v1,A,1,-licm,0,0.001926843,0,abcacdf428a5d400013899cd1429691906b2e630948728ec89ffebce708fe45c,/home/daytona/.local/share/compiler_gym/llvm-v0/cbench-v1-runtime-data/runtime_data/network_dijkstra_data/1.dat
benchmark://cbench-v1/dijkstra,cbench-v1,A,1,-licm,1,0.002778793,0,abcacdf428a5d400013899cd1429691906b2e630948728ec89ffebce708fe45c,/home/daytona/.local/share/compiler_gym/llvm-v0/cbench-v1-runtime-data/runtime_data/network_dijkstra_data/1.dat
benchmark://cbench-v1/dijkstra,cbench-v1,A,1,-licm,2,0.001935365,0,abcacdf428a5d400013899cd1429691906b2e630948728ec89ffebce708fe45c,/home/daytona/.local/share/compiler_gym/llvm-v0/cbench-v1-runtime-data/runtime_data/network_dijkstra_data/1.dat
benchmark://cbench-v1/dijkstra,cbench-v1,A,1,-loop-rotate,0,0.002761643,0,abcacdf428a5d400013899cd1429691906b2e630948728ec89ffebce708fe45c,/home/daytona/.local/share/compiler_gym/llvm-v0/cbench-v1-runtime-data/runtime_data/network_dijkstra_data/1.dat
benchmark://cbench-v1/dijkstra,cbench-v1,A,1,-loop-rotate,1,0.003168575,0,abcacdf428a5d400013899cd1429691906b2e630948728ec89ffebce708fe45c,/home/daytona/.local/share/compiler_gym/llvm-v0/cbench-v1-runtime-data/runtime_data/network_dijkstra_data/1.dat
benchmark://cbench-v1/dijkstra,cbench-v1,A,1,-loop-rotate,2,0.002787655,0,abcacdf428a5d400013899cd1429691906b2e630948728ec89ffebce708fe45c,/home/daytona/.local/share/compiler_gym/llvm-v0/cbench-v1-runtime-data/runtime_data/network_dijkstra_data/1.dat
benchmark://cbench-v1/dijkstra,cbench-v1,A,1,-loop-unroll,0,0.002160778,0,abcacdf428a5d400013899cd1429691906b2e630948728ec89ffebce708fe45c,/home/daytona/.local/share/compiler_gym/llvm-v0/cbench-v1-runtime-data/runtime_data/network_dijkstra_data/1.dat
benchmark://cbench-v1/dijkstra,cbench-v1,A,1,-loop-unroll,1,0.001976468,0,abcacdf428a5d400013899cd1429691906b2e630948728ec89ffebce708fe45c,/home/daytona/.local/share/compiler_gym/llvm-v0/cbench-v1-runtime-data/runtime_data/network_dijkstra_data/1.dat
benchmark://cbench-v1/dijkstra,cbench-v1,A,1,-loop-unroll,2,0.002764881,0,abcacdf428a5d400013899cd1429691906b2e630948728ec89ffebce708fe45c,/home/daytona/.local/share/compiler_gym/llvm-v0/cbench-v1-runtime-data/runtime_data/network_dijkstra_data/1.dat
benchmark://cbench-v1/dijkstra,cbench-v1,A,1,-loop-vectorize,0,0.002098147,0,abcacdf428a5d400013899cd1429691906b2e630948728ec89ffebce708fe45c,/home/daytona/.local/share/compiler_gym/llvm-v0/cbench-v1-runtime-data/runtime_data/network_dijkstra_data/1.dat
benchmark://cbench-v1/dijkstra,cbench-v1,A,1,-loop-vectorize,1,0.002069909,0,abcacdf428a5d400013899cd1429691906b2e630948728ec89ffebce708fe45c,/home/daytona/.local/share/compiler_gym/llvm-v0/cbench-v1-runtime-data/runtime_data/network_dijkstra_data/1.dat
benchmark://cbench-v1/dijkstra,cbench-v1,A,1,-loop-vectorize,2,0.001959994,0,abcacdf428a5d400013899cd1429691906b2e630948728ec89ffebce708fe45c,/home/daytona/.local/share/compiler_gym/llvm-v0/cbench-v1-runtime-data/runtime_data/network_dijkstra_data/1.dat
benchmark://cbench-v1/dijkstra,cbench-v1,A,1,-loop-deletion,0,0.001964936,0,abcacdf428a5d400013899cd1429691906b2e630948728ec89ffebce708fe45c,/home/daytona/.local/share/compiler_gym/llvm-v0/cbench-v1-runtime-data/runtime_data/network_dijkstra_data/1.dat
benchmark://cbench-v1/dijkstra,cbench-v1,A,1,-loop-deletion,1,0.001980785,0,abcacdf428a5d400013899cd1429691906b2e630948728ec89ffebce708fe45c,/home/daytona/.local/share/compiler_gym/llvm-v0/cbench-v1-runtime-data/runtime_data/network_dijkstra_data/1.dat
benchmark://cbench-v1/dijkstra,cbench-v1,A,1,-loop-deletion,2,0.002106968,0,abcacdf428a5d400013899cd1429691906b2e630948728ec89ffebce708fe45c,/home/daytona/.local/share/compiler_gym/llvm-v0/cbench-v1-runtime-data/runtime_data/network_dijkstra_data/1.dat
benchmark://cbench-v1/dijkstra,cbench-v1,A,1,-loop-unswitch,0,0.001937088,0,abcacdf428a5d400013899cd1429691906b2e630948728ec89ffebce708fe45c,/home/daytona/.local/share/compiler_gym/llvm-v0/cbench-v1-runtime-data/runtime_data/network_dijkstra_data/1.dat
benchmark://cbench-v1/dijkstra,cbench-v1,A,1,-loop-unswitch,1,0.001943028,0,abcacdf428a5d400013899cd1429691906b2e630948728ec89ffebce708fe45c,/home/daytona/.local/share/compiler_gym/llvm-v0/cbench-v1-runtime-data/runtime_data/network_dijkstra_data/1.dat
benchmark://cbench-v1/dijkstra,cbench-v1,A,1,-loop-unswitch,2,0.001912300,0,abcacdf428a5d400013899cd1429691906b2e630948728ec89ffebce708fe45c,/home/daytona/.local/share/compiler_gym/llvm-v0/cbench-v1-runtime-data/runtime_data/network_dijkstra_data/1.dat
benchmark://cbench-v1/dijkstra,cbench-v1,A,1,-loop-distribute,0,0.001924936,0,abcacdf428a5d400013899cd1429691906b2e630948728ec89ffebce708fe45c,/home/daytona/.local/share/compiler_gym/llvm-v0/cbench-v1-runtime-data/runtime_data/network_dijkstra_data/1.dat
benchmark://cbench-v1/dijkstra,cbench-v1,A,1,-loop-distribute,1,0.002567573,0,abcacdf428a5d400013899cd1429691906b2e630948728ec89ffebce708fe45c,/home/daytona/.local/share/compiler_gym/llvm-v0/cbench-v1-runtime-data/runtime_data/network_dijkstra_data/1.dat
benchmark://cbench-v1/dijkstra,cbench-v1,A,1,-loop-distribute,2,0.002548512,0,abcacdf428a5d400013899cd1429691906b2e630948728ec89ffebce708fe45c,/home/daytona/.local/share/compiler_gym/llvm-v0/cbench-v1-runtime-data/runtime_data/network_dijkstra_data/1.dat
benchmark://cbench-v1/dijkstra,cbench-v1,A,1,-indvars,0,0.001983937,0,abcacdf428a5d400013899cd1429691906b2e630948728ec89ffebce708fe45c,/home/daytona/.local/share/compiler_gym/llvm-v0/cbench-v1-runtime-data/runtime_data/network_dijkstra_data/1.dat
benchmark://cbench-v1/dijkstra,cbench-v1,A,1,-indvars,1,0.001942068,0,abcacdf428a5d400013899cd1429691906b2e630948728ec89ffebce708fe45c,/home/daytona/.local/share/compiler_gym/llvm-v0/cbench-v1-runtime-data/runtime_data/network_dijkstra_data/1.dat
benchmark://cbench-v1/dijkstra,cbench-v1,A,1,-indvars,2,0.005483525,0,abcacdf428a5d400013899cd1429691906b2e630948728ec89ffebce708fe45c,/home/daytona/.local/share/compiler_gym/llvm-v0/cbench-v1-runtime-data/runtime_data/network_dijkstra_data/1.dat
benchmark://cbench-v1/dijkstra,cbench-v1,A,2,O0,0,0.002556212,0,abcacdf428a5d400013899cd1429691906b2e630948728ec89ffebce708fe45c,/home/daytona/.local/share/compiler_gym/llvm-v0/cbench-v1-runtime-data/runtime_data/network_dijkstra_data/1.dat
benchmark://cbench-v1/dijkstra,cbench-v1,A,2,O0,1,0.001837425,0,abcacdf428a5d400013899cd1429691906b2e630948728ec89ffebce708fe45c,/home/daytona/.local/share/compiler_gym/llvm-v0/cbench-v1-runtime-data/runtime_data/network_dijkstra_data/1.dat
benchmark://cbench-v1/dijkstra,cbench-v1,A,2,O0,2,0.002002608,0,abcacdf428a5d400013899cd1429691906b2e630948728ec89ffebce708fe45c,/home/daytona/.local/share/compiler_gym/llvm-v0/cbench-v1-runtime-data/runtime_data/network_dijkstra_data/1.dat
benchmark://cbench-v1/dijkstra,cbench-v1,A,2,-licm,0,0.001885297,0,abcacdf428a5d400013899cd1429691906b2e630948728ec89ffebce708fe45c,/home/daytona/.local/share/compiler_gym/llvm-v0/cbench-v1-runtime-data/runtime_data/network_dijkstra_data/1.dat
benchmark://cbench-v1/dijkstra,cbench-v1,A,2,-licm,1,0.001817744,0,abcacdf428a5d400013899cd1429691906b2e630948728ec89ffebce708fe45c,/home/daytona/.local/share/compiler_gym/llvm-v0/cbench-v1-runtime-data/runtime_data/network_dijkstra_data/1.dat
benchmark://cbench-v1/dijkstra,cbench-v1,A,2,-licm,2,0.001936816,0,abcacdf428a5d400013899cd1429691906b2e630948728ec89ffebce708fe45c,/home/daytona/.local/share/compiler_gym/llvm-v0/cbench-v1-runtime-data/runtime_data/network_dijkstra_data/1.dat
benchmark://cbench-v1/dijkstra,cbench-v1,A,2,-loop-rotate,0,0.001816165,0,abcacdf428a5d400013899cd1429691906b2e630948728ec89ffebce708fe45c,/home/daytona/.local/share/compiler_gym/llvm-v0/cbench-v1-runtime-data/runtime_data/network_dijkstra_data/1.dat
benchmark://cbench-v1/dijkstra,cbench-v1,A,2,-loop-rotate,1,0.001832547,0,abcacdf428a5d400013899cd1429691906b2e630948728ec89ffebce708fe45c,/home/daytona/.local/share/compiler_gym/llvm-v0/cbench-v1-runtime-data/runtime_data/network_dijkstra_data/1.dat
benchmark://cbench-v1/dijkstra,cbench-v1,A,2,-loop-rotate,2,0.001852488,0,abcacdf428a5d400013899cd1429691906b2e630948728ec89ffebce708fe45c,/home/daytona/.local/share/compiler_gym/llvm-v0/cbench-v1-runtime-data/runtime_data/network_dijkstra_data/1.dat
benchmark://cbench-v1/dijkstra,cbench-v1,A,2,-loop-unroll,0,0.001888227,0,abcacdf428a5d400013899cd1429691906b2e630948728ec89ffebce708fe45c,/home/daytona/.local/share/compiler_gym/llvm-v0/cbench-v1-runtime-data/runtime_data/network_dijkstra_data/1.dat
benchmark://cbench-v1/dijkstra,cbench-v1,A,2,-loop-unroll,1,0.001788927,0,abcacdf428a5d400013899cd1429691906b2e630948728ec89ffebce708fe45c,/home/daytona/.local/share/compiler_gym/llvm-v0/cbench-v1-runtime-data/runtime_data/network_dijkstra_data/1.dat
benchmark://cbench-v1/dijkstra,cbench-v1,A,2,-loop-unroll,2,0.001867536,0,abcacdf428a5d400013899cd1429691906b2e630948728ec89ffebce708fe45c,/home/daytona/.local/share/compiler_gym/llvm-v0/cbench-v1-runtime-data/runtime_data/network_dijkstra_data/1.dat
benchmark://cbench-v1/dijkstra,cbench-v1,A,2,-loop-vectorize,0,0.001877865,0,abcacdf428a5d400013899cd1429691906b2e630948728ec89ffebce708fe45c,/home/daytona/.local/share/compiler_gym/llvm-v0/cbench-v1-runtime-data/runtime_data/network_dijkstra_data/1.dat
benchmark://cbench-v1/dijkstra,cbench-v1,A,2,-loop-vectorize,1,0.001825266,0,abcacdf428a5d400013899cd1429691906b2e630948728ec89ffebce708fe45c,/home/daytona/.local/share/compiler_gym/llvm-v0/cbench-v1-runtime-data/runtime_data/network_dijkstra_data/1.dat
benchmark://cbench-v1/dijkstra,cbench-v1,A,2,-loop-vectorize,2,0.001925997,0,abcacdf428a5d400013899cd1429691906b2e630948728ec89ffebce708fe45c,/home/daytona/.local/share/compiler_gym/llvm-v0/cbench-v1-runtime-data/runtime_data/network_dijkstra_data/1.dat
benchmark://cbench-v1/dijkstra,cbench-v1,A,2,-loop-deletion,0,0.002605913,0,abcacdf428a5d400013899cd1429691906b2e630948728ec89ffebce708fe45c,/home/daytona/.local/share/compiler_gym/llvm-v0/cbench-v1-runtime-data/runtime_data/network_dijkstra_data/1.dat
benchmark://cbench-v1/dijkstra,cbench-v1,A,2,-loop-deletion,1,0.002070135,0,abcacdf428a5d400013899cd1429691906b2e630948728ec89ffebce708fe45c,/home/daytona/.local/share/compiler_gym/llvm-v0/cbench-v1-runtime-data/runtime_data/network_dijkstra_data/1.dat
benchmark://cbench-v1/dijkstra,cbench-v1,A,2,-loop-deletion,2,0.002035847,0,abcacdf428a5d400013899cd1429691906b2e630948728ec89ffebce708fe45c,/home/daytona/.local/share/compiler_gym/llvm-v0/cbench-v1-runtime-data/runtime_data/network_dijkstra_data/1.dat
benchmark://cbench-v1/dijkstra,cbench-v1,A,2,-loop-unswitch,0,0.002162889,0,abcacdf428a5d400013899cd1429691906b2e630948728ec89ffebce708fe45c,/home/daytona/.local/share/compiler_gym/llvm-v0/cbench-v1-runtime-data/runtime_data/network_dijkstra_data/1.dat
benchmark://cbench-v1/dijkstra,cbench-v1,A,2,-loop-unswitch,1,0.001806837,0,abcacdf428a5d400013899cd1429691906b2e630948728ec89ffebce708fe45c,/home/daytona/.local/share/compiler_gym/llvm-v0/cbench-v1-runtime-data/runtime_data/network_dijkstra_data/1.dat
benchmark://cbench-v1/dijkstra,cbench-v1,A,2,-loop-unswitch,2,0.001796246,0,abcacdf428a5d400013899cd1429691906b2e630948728ec89ffebce708fe45c,/home/daytona/.local/share/compiler_gym/llvm-v0/cbench-v1-runtime-data/runtime_data/network_dijkstra_data/1.dat
benchmark://cbench-v1/dijkstra,cbench-v1,A,2,-loop-distribute,0,0.001780534,0,abcacdf428a5d400013899cd1429691906b2e630948728ec89ffebce708fe45c,/home/daytona/.local/share/compiler_gym/llvm-v0/cbench-v1-runtime-data/runtime_data/network_dijkstra_data/1.dat
benchmark://cbench-v1/dijkstra,cbench-v1,A,2,-loop-distribute,1,0.001808494,0,abcacdf428a5d400013899cd1429691906b2e630948728ec89ffebce708fe45c,/home/daytona/.local/share/compiler_gym/llvm-v0/cbench-v1-runtime-data/runtime_data/network_dijkstra_data/1.dat
benchmark://cbench-v1/dijkstra,cbench-v1,A,2,-loop-distribute,2,0.002766352,0,abcacdf428a5d400013899cd1429691906b2e630948728ec89ffebce708fe45c,/home/daytona/.local/share/compiler_gym/llvm-v0/cbench-v1-runtime-data/runtime_data/network_dijkstra_data/1.dat
benchmark://cbench-v1/dijkstra,cbench-v1,A,2,-indvars,0,0.001849085,0,abcacdf428a5d400013899cd1429691906b2e630948728ec89ffebce708fe45c,/home/daytona/.local/share/compiler_gym/llvm-v0/cbench-v1-runtime-data/runtime_data/network_dijkstra_data/1.dat
benchmark://cbench-v1/dijkstra,cbench-v1,A,2,-indvars,1,0.002669012,0,abcacdf428a5d400013899cd1429691906b2e630948728ec89ffebce708fe45c,/home/daytona/.local/share/compiler_gym/llvm-v0/cbench-v1-runtime-data/runtime_data/network_dijkstra_data/1.dat
benchmark://cbench-v1/dijkstra,cbench-v1,A,2,-indvars,2,0.001810215,0,abcacdf428a5d400013899cd1429691906b2e630948728ec89ffebce708fe45c,/home/daytona/.local/share/compiler_gym/llvm-v0/cbench-v1-runtime-data/runtime_data/network_dijkstra_data/1.dat
benchmark://cbench-v1/dijkstra,cbench-v1,B,1,O0,0,1.127021542,0,368bfc673fca0e2111f063c9c6cbff226cc310a508042ecd9383fcd8b5eedf04,/home/daytona/.local/share/compiler_gym/llvm-v0/cbench-v1-runtime-data/runtime_data/network_dijkstra_data/10.dat
benchmark://cbench-v1/dijkstra,cbench-v1,B,1,O0,1,1.138564182,0,368bfc673fca0e2111f063c9c6cbff226cc310a508042ecd9383fcd8b5eedf04,/home/daytona/.local/share/compiler_gym/llvm-v0/cbench-v1-runtime-data/runtime_data/network_dijkstra_data/10.dat
benchmark://cbench-v1/dijkstra,cbench-v1,B,1,O0,2,1.150010934,0,368bfc673fca0e2111f063c9c6cbff226cc310a508042ecd9383fcd8b5eedf04,/home/daytona/.local/share/compiler_gym/llvm-v0/cbench-v1-runtime-data/runtime_data/network_dijkstra_data/10.dat
benchmark://cbench-v1/dijkstra,cbench-v1,B,1,O0,3,1.147026574,0,368bfc673fca0e2111f063c9c6cbff226cc310a508042ecd9383fcd8b5eedf04,/home/daytona/.local/share/compiler_gym/llvm-v0/cbench-v1-runtime-data/runtime_data/network_dijkstra_data/10.dat
benchmark://cbench-v1/dijkstra,cbench-v1,B,1,O0,4,1.119564692,0,368bfc673fca0e2111f063c9c6cbff226cc310a508042ecd9383fcd8b5eedf04,/home/daytona/.local/share/compiler_gym/llvm-v0/cbench-v1-runtime-data/runtime_data/network_dijkstra_data/10.dat
benchmark://cbench-v1/dijkstra,cbench-v1,B,1,-licm,0,1.132917251,0,368bfc673fca0e2111f063c9c6cbff226cc310a508042ecd9383fcd8b5eedf04,/home/daytona/.local/share/compiler_gym/llvm-v0/cbench-v1-runtime-data/runtime_data/network_dijkstra_data/10.dat
benchmark://cbench-v1/dijkstra,cbench-v1,B,1,-licm,1,1.120544663,0,368bfc673fca0e2111f063c9c6cbff226cc310a508042ecd9383fcd8b5eedf04,/home/daytona/.local/share/compiler_gym/llvm-v0/cbench-v1-runtime-data/runtime_data/network_dijkstra_data/10.dat
benchmark://cbench-v1/dijkstra,cbench-v1,B,1,-licm,2,1.113775248,0,368bfc673fca0e2111f063c9c6cbff226cc310a508042ecd9383fcd8b5eedf04,/home/daytona/.local/share/compiler_gym/llvm-v0/cbench-v1-runtime-data/runtime_data/network_dijkstra_data/10.dat
benchmark://cbench-v1/dijkstra,cbench-v1,B,1,-licm,3,1.127133194,0,368bfc673fca0e2111f063c9c6cbff226cc310a508042ecd9383fcd8b5eedf04,/home/daytona/.local/share/compiler_gym/llvm-v0/cbench-v1-runtime-data/runtime_data/network_dijkstra_data/10.dat
benchmark://cbench-v1/dijkstra,cbench-v1,B,1,-licm,4,1.140647298,0,368bfc673fca0e2111f063c9c6cbff226cc310a508042ecd9383fcd8b5eedf04,/home/daytona/.local/share/compiler_gym/llvm-v0/cbench-v1-runtime-data/runtime_data/network_dijkstra_data/10.dat
benchmark://cbench-v1/dijkstra,cbench-v1,B,1,-loop-rotate,0,1.165129391,0,368bfc673fca0e2111f063c9c6cbff226cc310a508042ecd9383fcd8b5eedf04,/home/daytona/.local/share/compiler_gym/llvm-v0/cbench-v1-runtime-data/runtime_data/network_dijkstra_data/10.dat
benchmark://cbench-v1/dijkstra,cbench-v1,B,1,-loop-rotate,1,1.113846235,0,368bfc673fca0e2111f063c9c6cbff226cc310a508042ecd9383fcd8b5eedf04,/home/daytona/.local/share/compiler_gym/llvm-v0/cbench-v1-runtime-data/runtime_data/network_dijkstra_data/10.dat
benchmark://cbench-v1/dijkstra,cbench-v1,B,1,-loop-rotate,2,1.296277128,0,368bfc673fca0e2111f063c9c6cbff226cc310a508042ecd9383fcd8b5eedf04,/home/daytona/.local/share/compiler_gym/llvm-v0/cbench-v1-runtime-data/runtime_data/network_dijkstra_data/10.dat
benchmark://cbench-v1/dijkstra,cbench-v1,B,1,-loop-rotate,3,1.214681702,0,368bfc673fca0e2111f063c9c6cbff226cc310a508042ecd9383fcd8b5eedf04,/home/daytona/.local/share/compiler_gym/llvm-v0/cbench-v1-runtime-data/runtime_data/network_dijkstra_data/10.dat
benchmark://cbench-v1/dijkstra,cbench-v1,B,1,-loop-rotate,4,1.111862494,0,368bfc673fca0e2111f063c9c6cbff226cc310a508042ecd9383fcd8b5eedf04,/home/daytona/.local/share/compiler_gym/llvm-v0/cbench-v1-runtime-data/runtime_data/network_dijkstra_data/10.dat
benchmark://cbench-v1/dijkstra,cbench-v1,B,1,-loop-unroll,0,1.175482888,0,368bfc673fca0e2111f063c9c6cbff226cc310a508042ecd9383fcd8b5eedf04,/home/daytona/.local/share/compiler_gym/llvm-v0/cbench-v1-runtime-data/runtime_data/network_dijkstra_data/10.dat
benchmark://cbench-v1/dijkstra,cbench-v1,B,1,-loop-unroll,1,1.130613819,0,368bfc673fca0e2111f063c9c6cbff226cc310a508042ecd9383fcd8b5eedf04,/home/daytona/.local/share/compiler_gym/llvm-v0/cbench-v1-runtime-data/runtime_data/network_dijkstra_data/10.dat
benchmark://cbench-v1/dijkstra,cbench-v1,B,1,-loop-unroll,2,1.199791323,0,368bfc673fca0e2111f063c9c6cbff226cc310a508042ecd9383fcd8b5eedf04,/home/daytona/.local/share/compiler_gym/llvm-v0/cbench-v1-runtime-data/runtime_data/network_dijkstra_data/10.dat
benchmark://cbench-v1/dijkstra,cbench-v1,B,1,-loop-unroll,3,1.110638641,0,368bfc673fca0e2111f063c9c6cbff226cc310a508042ecd9383fcd8b5eedf04,/home/daytona/.local/share/compiler_gym/llvm-v0/cbench-v1-runtime-data/runtime_data/network_dijkstra_data/10.dat
benchmark://cbench-v1/dijkstra,cbench-v1,B,1,-loop-unroll,4,1.125855483,0,368bfc673fca0e2111f063c9c6cbff226cc310a508042ecd9383fcd8b5eedf04,/home/daytona/.local/share/compiler_gym/llvm-v0/cbench-v1-runtime-data/runtime_data/network_dijkstra_data/10.dat
benchmark://cbench-v1/dijkstra,cbench-v1,B,1,-loop-vectorize,0,1.199846493,0,368bfc673fca0e2111f063c9c6cbff226cc310a508042ecd9383fcd8b5eedf04,/home/daytona/.local/share/compiler_gym/llvm-v0/cbench-v1-runtime-data/runtime_data/network_dijkstra_data/10.dat
benchmark://cbench-v1/dijkstra,cbench-v1,B,1,-loop-vectorize,1,1.122446807,0,368bfc673fca0e2111f063c9c6cbff226cc310a508042ecd9383fcd8b5eedf04,/home/daytona/.local/share/compiler_gym/llvm-v0/cbench-v1-runtime-data/runtime_data/network_dijkstra_data/10.dat
benchmark://cbench-v1/dijkstra,cbench-v1,B,1,-loop-vectorize,2,1.132054724,0,368bfc673fca0e2111f063c9c6cbff226cc310a508042ecd9383fcd8b5eedf04,/home/daytona/.local/share/compiler_gym/llvm-v0/cbench-v1-runtime-data/runtime_data/network_dijkstra_data/10.dat
benchmark://cbench-v1/dijkstra,cbench-v1,B,1,-loop-vectorize,3,1.100784499,0,368bfc673fca0e2111f063c9c6cbff226cc310a508042ecd9383fcd8b5eedf04,/home/daytona/.local/share/compiler_gym/llvm-v0/cbench-v1-runtime-data/runtime_data/network_dijkstra_data/10.dat
benchmark://cbench-v1/dijkstra,cbench-v1,B,1,-loop-vectorize,4,1.256615207,0,368bfc673fca0e2111f063c9c6cbff226cc310a508042ecd9383fcd8b5eedf04,/home/daytona/.local/share/compiler_gym/llvm-v0/cbench-v1-runtime-data/runtime_data/network_dijkstra_data/10.dat
benchmark://cbench-v1/dijkstra,cbench-v1,B,1,-loop-deletion,0,1.171434194,0,368bfc673fca0e2111f063c9c6cbff226cc310a508042ecd9383fcd8b5eedf04,/home/daytona/.local/share/compiler_gym/llvm-v0/cbench-v1-runtime-data/runtime_data/network_dijkstra_data/10.dat
benchmark://cbench-v1/dijkstra,cbench-v1,B,1,-loop-deletion,1,1.135796253,0,368bfc673fca0e2111f063c9c6cbff226cc310a508042ecd9383fcd8b5eedf04,/home/daytona/.local/share/compiler_gym/llvm-v0/cbench-v1-runtime-data/runtime_data/network_dijkstra_data/10.dat
benchmark://cbench-v1/dijkstra,cbench-v1,B,1,-loop-deletion,2,1.139262037,0,368bfc673fca0e2111f063c9c6cbff226cc310a508042ecd9383fcd8b5eedf04,/home/daytona/.local/share/compiler_gym/llvm-v0/cbench-v1-runtime-data/runtime_data/network_dijkstra_data/10.dat
benchmark://cbench-v1/dijkstra,cbench-v1,B,1,-loop-deletion,3,1.108459463,0,368bfc673fca0e2111f063c9c6cbff226cc310a508042ecd9383fcd8b5eedf04,/home/daytona/.local/share/compiler_gym/llvm-v0/cbench-v1-runtime-data/runtime_data/network_dijkstra_data/10.dat
benchmark://cbench-v1/dijkstra,cbench-v1,B,1,-loop-deletion,4,1.116035154,0,368bfc673fca0e2111f063c9c6cbff226cc310a508042ecd9383fcd8b5eedf04,/home/daytona/.local/share/compiler_gym/llvm-v0/cbench-v1-runtime-data/runtime_data/network_dijkstra_data/10.dat
benchmark://cbench-v1/dijkstra,cbench-v1,B,1,-loop-unswitch,0,1.171184521,0,368bfc673fca0e2111f063c9c6cbff226cc310a508042ecd9383fcd8b5eedf04,/home/daytona/.local/share/compiler_gym/llvm-v0/cbench-v1-runtime-data/runtime_data/network_dijkstra_data/10.dat
benchmark://cbench-v1/dijkstra,cbench-v1,B,1,-loop-unswitch,1,1.139352510,0,368bfc673fca0e2111f063c9c6cbff226cc310a508042ecd9383fcd8b5eedf04,/home/daytona/.local/share/compiler_gym/llvm-v0/cbench-v1-runtime-data/runtime_data/network_dijkstra_data/10.dat
benchmark://cbench-v1/dijkstra,cbench-v1,B,1,-loop-unswitch,2,1.138534589,0,368bfc673fca0e2111f063c9c6cbff226cc310a508042ecd9383fcd8b5eedf04,/home/daytona/.local/share/compiler_gym/llvm-v0/cbench-v1-runtime-data/runtime_data/network_dijkstra_data/10.dat
benchmark://cbench-v1/dijkstra,cbench-v1,B,1,-loop-unswitch,3,1.108130809,0,368bfc673fca0e2111f063c9c6cbff226cc310a508042ecd9383fcd8b5eedf04,/home/daytona/.local/share/compiler_gym/llvm-v0/cbench-v1-runtime-data/runtime_data/network_dijkstra_data/10.dat
benchmark://cbench-v1/dijkstra,cbench-v1,B,1,-loop-unswitch,4,1.210191198,0,368bfc673fca0e2111f063c9c6cbff226cc310a508042ecd9383fcd8b5eedf04,/home/daytona/.local/share/compiler_gym/llvm-v0/cbench-v1-runtime-data/runtime_data/network_dijkstra_data/10.dat
benchmark://cbench-v1/dijkstra,cbench-v1,B,1,-loop-distribute,0,1.159508703,0,368bfc673fca0e2111f063c9c6cbff226cc310a508042ecd9383fcd8b5eedf04,/home/daytona/.local/share/compiler_gym/llvm-v0/cbench-v1-runtime-data/runtime_data/network_dijkstra_data/10.dat
benchmark://cbench-v1/dijkstra,cbench-v1,B,1,-loop-distribute,1,1.156138999,0,368bfc673fca0e2111f063c9c6cbff226cc310a508042ecd9383fcd8b5eedf04,/home/daytona/.local/share/compiler_gym/llvm-v0/cbench-v1-runtime-data/runtime_data/network_dijkstra_data/10.dat
benchmark://cbench-v1/dijkstra,cbench-v1,B,1,-loop-distribute,2,1.115614604,0,368bfc673fca0e2111f063c9c6cbff226cc310a508042ecd9383fcd8b5eedf04,/home/daytona/.local/share/compiler_gym/llvm-v0/cbench-v1-runtime-data/runtime_data/network_dijkstra_data/10.dat
benchmark://cbench-v1/dijkstra,cbench-v1,B,1,-loop-distribute,3,1.119040392,0,368bfc673fca0e2111f063c9c6cbff226cc310a508042ecd9383fcd8b5eedf04,/home/daytona/.local/share/compiler_gym/llvm-v0/cbench-v1-runtime-data/runtime_data/network_dijkstra_data/10.dat
benchmark://cbench-v1/dijkstra,cbench-v1,B,1,-loop-distribute,4,1.168304522,0,368bfc673fca0e2111f063c9c6cbff226cc310a508042ecd9383fcd8b5eedf04,/home/daytona/.local/share/compiler_gym/llvm-v0/cbench-v1-runtime-data/runtime_data/network_dijkstra_data/10.dat
benchmark://cbench-v1/dijkstra,cbench-v1,B,1,-indvars,0,1.123278487,0,368bfc673fca0e2111f063c9c6cbff226cc310a508042ecd9383fcd8b5eedf04,/home/daytona/.local/share/compiler_gym/llvm-v0/cbench-v1-runtime-data/runtime_data/network_dijkstra_data/10.dat
benchmark://cbench-v1/dijkstra,cbench-v1,B,1,-indvars,1,1.137515832,0,368bfc673fca0e2111f063c9c6cbff226cc310a508042ecd9383fcd8b5eedf04,/home/daytona/.local/share/compiler_gym/llvm-v0/cbench-v1-runtime-data/runtime_data/network_dijkstra_data/10.dat
benchmark://cbench-v1/dijkstra,cbench-v1,B,1,-indvars,2,1.112983711,0,368bfc673fca0e2111f063c9c6cbff226cc310a508042ecd9383fcd8b5eedf04,/home/daytona/.local/share/compiler_gym/llvm-v0/cbench-v1-runtime-data/runtime_data/network_dijkstra_data/10.dat
benchmark://cbench-v1/dijkstra,cbench-v1,B,1,-indvars,3,1.156798469,0,368bfc673fca0e2111f063c9c6cbff226cc310a508042ecd9383fcd8b5eedf04,/home/daytona/.local/share/compiler_gym/llvm-v0/cbench-v1-runtime-data/runtime_data/network_dijkstra_data/10.dat
benchmark://cbench-v1/dijkstra,cbench-v1,B,1,-indvars,4,1.124013869,0,368bfc673fca0e2111f063c9c6cbff226cc310a508042ecd9383fcd8b5eedf04,/home/daytona/.local/share/compiler_gym/llvm-v0/cbench-v1-runtime-data/runtime_data/network_dijkstra_data/10.dat
benchmark://cbench-v1/dijkstra,cbench-v1,B,2,O0,0,1.133212421,0,368bfc673fca0e2111f063c9c6cbff226cc310a508042ecd9383fcd8b5eedf04,/home/daytona/.local/share/compiler_gym/llvm-v0/cbench-v1-runtime-data/runtime_data/network_dijkstra_data/10.dat
benchmark://cbench-v1/dijkstra,cbench-v1,B,2,O0,1,1.180380290,0,368bfc673fca0e2111f063c9c6cbff226cc310a508042ecd9383fcd8b5eedf04,/home/daytona/.local/share/compiler_gym/llvm-v0/cbench-v1-runtime-data/runtime_data/network_dijkstra_data/10.dat
benchmark://cbench-v1/dijkstra,cbench-v1,B,2,O0,2,1.155080255,0,368bfc673fca0e2111f063c9c6cbff226cc310a508042ecd9383fcd8b5eedf04,/home/daytona/.local/share/compiler_gym/llvm-v0/cbench-v1-runtime-data/runtime_data/network_dijkstra_data/10.dat
benchmark://cbench-v1/dijkstra,cbench-v1,B,2,O0,3,1.174272260,0,368bfc673fca0e2111f063c9c6cbff226cc310a508042ecd9383fcd8b5eedf04,/home/daytona/.local/share/compiler_gym/llvm-v0/cbench-v1-runtime-data/runtime_data/network_dijkstra_data/10.dat
benchmark://cbench-v1/dijkstra,cbench-v1,B,2,O0,4,1.161816876,0,368bfc673fca0e2111f063c9c6cbff226cc310a508042ecd9383fcd8b5eedf04,/home/daytona/.local/share/compiler_gym/llvm-v0/cbench-v1-runtime-data/runtime_data/network_dijkstra_data/10.dat
benchmark://cbench-v1/dijkstra,cbench-v1,B,2,-licm,0,1.138825536,0,368bfc673fca0e2111f063c9c6cbff226cc310a508042ecd9383fcd8b5eedf04,/home/daytona/.local/share/compiler_gym/llvm-v0/cbench-v1-runtime-data/runtime_data/network_dijkstra_data/10.dat
benchmark://cbench-v1/dijkstra,cbench-v1,B,2,-licm,1,1.109936912,0,368bfc673fca0e2111f063c9c6cbff226cc310a508042ecd9383fcd8b5eedf04,/home/daytona/.local/share/compiler_gym/llvm-v0/cbench-v1-runtime-data/runtime_data/network_dijkstra_data/10.dat
benchmark://cbench-v1/dijkstra,cbench-v1,B,2,-licm,2,1.164154049,0,368bfc673fca0e2111f063c9c6cbff226cc310a508042ecd9383fcd8b5eedf04,/home/daytona/.local/share/compiler_gym/llvm-v0/cbench-v1-runtime-data/runtime_data/network_dijkstra_data/10.dat
benchmark://cbench-v1/dijkstra,cbench-v1,B,2,-licm,3,1.155178880,0,368bfc673fca0e2111f063c9c6cbff226cc310a508042ecd9383fcd8b5eedf04,/home/daytona/.local/share/compiler_gym/llvm-v0/cbench-v1-runtime-data/runtime_data/network_dijkstra_data/10.dat
benchmark://cbench-v1/dijkstra,cbench-v1,B,2,-licm,4,1.181747479,0,368bfc673fca0e2111f063c9c6cbff226cc310a508042ecd9383fcd8b5eedf04,/home/daytona/.local/share/compiler_gym/llvm-v0/cbench-v1-runtime-data/runtime_data/network_dijkstra_data/10.dat
benchmark://cbench-v1/dijkstra,cbench-v1,B,2,-loop-rotate,0,1.146295328,0,368bfc673fca0e2111f063c9c6cbff226cc310a508042ecd9383fcd8b5eedf04,/home/daytona/.local/share/compiler_gym/llvm-v0/cbench-v1-runtime-data/runtime_data/network_dijkstra_data/10.dat
benchmark://cbench-v1/dijkstra,cbench-v1,B,2,-loop-rotate,1,1.121718490,0,368bfc673fca0e2111f063c9c6cbff226cc310a508042ecd9383fcd8b5eedf04,/home/daytona/.local/share/compiler_gym/llvm-v0/cbench-v1-runtime-data/runtime_data/network_dijkstra_data/10.dat
benchmark://cbench-v1/dijkstra,cbench-v1,B,2,-loop-rotate,2,1.201290445,0,368bfc673fca0e2111f063c9c6cbff226cc310a508042ecd9383fcd8b5eedf04,/home/daytona/.local/share/compiler_gym/llvm-v0/cbench-v1-runtime-data/runtime_data/network_dijkstra_data/10.dat
benchmark://cbench-v1/dijkstra,cbench-v1,B,2,-loop-rotate,3,1.158290669,0,368bfc673fca0e2111f063c9c6cbff226cc310a508042ecd9383fcd8b5eedf04,/home/daytona/.local/share/compiler_gym/llvm-v0/cbench-v1-runtime-data/runtime_data/network_dijkstra_data/10.dat
benchmark://cbench-v1/dijkstra,cbench-v1,B,2,-loop-rotate,4,1.155314108,0,368bfc673fca0e2111f063c9c6cbff226cc310a508042ecd9383fcd8b5eedf04,/home/daytona/.local/share/compiler_gym/llvm-v0/cbench-v1-runtime-data/runtime_data/network_dijkstra_data/10.dat
benchmark://cbench-v1/dijkstra,cbench-v1,B,2,-loop-unroll,0,1.099209232,0,368bfc673fca0e2111f063c9c6cbff226cc310a508042ecd9383fcd8b5eedf04,/home/daytona/.local/share/compiler_gym/llvm-v0/cbench-v1-runtime-data/runtime_data/network_dijkstra_data/10.dat
benchmark://cbench-v1/dijkstra,cbench-v1,B,2,-loop-unroll,1,1.137596551,0,368bfc673fca0e2111f063c9c6cbff226cc310a508042ecd9383fcd8b5eedf04,/home/daytona/.local/share/compiler_gym/llvm-v0/cbench-v1-runtime-data/runtime_data/network_dijkstra_data/10.dat
benchmark://cbench-v1/dijkstra,cbench-v1,B,2,-loop-unroll,2,1.263090502,0,368bfc673fca0e2111f063c9c6cbff226cc310a508042ecd9383fcd8b5eedf04,/home/daytona/.local/share/compiler_gym/llvm-v0/cbench-v1-runtime-data/runtime_data/network_dijkstra_data/10.dat
benchmark://cbench-v1/dijkstra,cbench-v1,B,2,-loop-unroll,3,1.218522156,0,368bfc673fca0e2111f063c9c6cbff226cc310a508042ecd9383fcd8b5eedf04,/home/daytona/.local/share/compiler_gym/llvm-v0/cbench-v1-runtime-data/runtime_data/network_dijkstra_data/10.dat
benchmark://cbench-v1/dijkstra,cbench-v1,B,2,-loop-unroll,4,1.147694243,0,368bfc673fca0e2111f063c9c6cbff226cc310a508042ecd9383fcd8b5eedf04,/home/daytona/.local/share/compiler_gym/llvm-v0/cbench-v1-runtime-data/runtime_data/network_dijkstra_data/10.dat
benchmark://cbench-v1/dijkstra,cbench-v1,B,2,-loop-vectorize,0,1.109403290,0,368bfc673fca0e2111f063c9c6cbff226cc310a508042ecd9383fcd8b5eedf04,/home/daytona/.local/share/compiler_gym/llvm-v0/cbench-v1-runtime-data/runtime_data/network_dijkstra_data/10.dat
benchmark://cbench-v1/dijkstra,cbench-v1,B,2,-loop-vectorize,1,1.171932433,0,368bfc673fca0e2111f063c9c6cbff226cc310a508042ecd9383fcd8b5eedf04,/home/daytona/.local/share/compiler_gym/llvm-v0/cbench-v1-runtime-data/runtime_data/network_dijkstra_data/10.dat
benchmark://cbench-v1/dijkstra,cbench-v1,B,2,-loop-vectorize,2,1.137724241,0,368bfc673fca0e2111f063c9c6cbff226cc310a508042ecd9383fcd8b5eedf04,/home/daytona/.local/share/compiler_gym/llvm-v0/cbench-v1-runtime-data/runtime_data/network_dijkstra_data/10.dat
benchmark://cbench-v1/dijkstra,cbench-v1,B,2,-loop-vectorize,3,1.144549135,0,368bfc673fca0e2111f063c9c6cbff226cc310a508042ecd9383fcd8b5eedf04,/home/daytona/.local/share/compiler_gym/llvm-v0/cbench-v1-runtime-data/runtime_data/network_dijkstra_data/10.dat
benchmark://cbench-v1/dijkstra,cbench-v1,B,2,-loop-vectorize,4,1.123741569,0,368bfc673fca0e2111f063c9c6cbff226cc310a508042ecd9383fcd8b5eedf04,/home/daytona/.local/share/compiler_gym/llvm-v0/cbench-v1-runtime-data/runtime_data/network_dijkstra_data/10.dat
benchmark://cbench-v1/dijkstra,cbench-v1,B,2,-loop-deletion,0,1.187446585,0,368bfc673fca0e2111f063c9c6cbff226cc310a508042ecd9383fcd8b5eedf04,/home/daytona/.local/share/compiler_gym/llvm-v0/cbench-v1-runtime-data/runtime_data/network_dijkstra_data/10.dat
benchmark://cbench-v1/dijkstra,cbench-v1,B,2,-loop-deletion,1,1.122822957,0,368bfc673fca0e2111f063c9c6cbff226cc310a508042ecd9383fcd8b5eedf04,/home/daytona/.local/share/compiler_gym/llvm-v0/cbench-v1-runtime-data/runtime_data/network_dijkstra_data/10.dat
benchmark://cbench-v1/dijkstra,cbench-v1,B,2,-loop-deletion,2,1.135238338,0,368bfc673fca0e2111f063c9c6cbff226cc310a508042ecd9383fcd8b5eedf04,/home/daytona/.local/share/compiler_gym/llvm-v0/cbench-v1-runtime-data/runtime_data/network_dijkstra_data/10.dat
benchmark://cbench-v1/dijkstra,cbench-v1,B,2,-loop-deletion,3,1.109193968,0,368bfc673fca0e2111f063c9c6cbff226cc310a508042ecd9383fcd8b5eedf04,/home/daytona/.local/share/compiler_gym/llvm-v0/cbench-v1-runtime-data/runtime_data/network_dijkstra_data/10.dat
benchmark://cbench-v1/dijkstra,cbench-v1,B,2,-loop-deletion,4,1.194434850,0,368bfc673fca0e2111f063c9c6cbff226cc310a508042ecd9383fcd8b5eedf04,/home/daytona/.local/share/compiler_gym/llvm-v0/cbench-v1-runtime-data/runtime_data/network_dijkstra_data/10.dat
benchmark://cbench-v1/dijkstra,cbench-v1,B,2,-loop-unswitch,0,1.112339661,0,368bfc673fca0e2111f063c9c6cbff226cc310a508042ecd9383fcd8b5eedf04,/home/daytona/.local/share/compiler_gym/llvm-v0/cbench-v1-runtime-data/runtime_data/network_dijkstra_data/10.dat
benchmark://cbench-v1/dijkstra,cbench-v1,B,2,-loop-unswitch,1,1.140021402,0,368bfc673fca0e2111f063c9c6cbff226cc310a508042ecd9383fcd8b5eedf04,/home/daytona/.local/share/compiler_gym/llvm-v0/cbench-v1-runtime-data/runtime_data/network_dijkstra_data/10.dat
benchmark://cbench-v1/dijkstra,cbench-v1,B,2,-loop-unswitch,2,1.108261762,0,368bfc673fca0e2111f063c9c6cbff226cc310a508042ecd9383fcd8b5eedf04,/home/daytona/.local/share/compiler_gym/llvm-v0/cbench-v1-runtime-data/runtime_data/network_dijkstra_data/10.dat
benchmark://cbench-v1/dijkstra,cbench-v1,B,2,-loop-unswitch,3,1.136731718,0,368bfc673fca0e2111f063c9c6cbff226cc310a508042ecd9383fcd8b5eedf04,/home/daytona/.local/share/compiler_gym/llvm-v0/cbench-v1-runtime-data/runtime_data/network_dijkstra_data/10.dat
benchmark://cbench-v1/dijkstra,cbench-v1,B,2,-loop-unswitch,4,1.128323894,0,368bfc673fca0e2111f063c9c6cbff226cc310a508042ecd9383fcd8b5eedf04,/home/daytona/.local/share/compiler_gym/llvm-v0/cbench-v1-runtime-data/runtime_data/network_dijkstra_data/10.dat
benchmark://cbench-v1/dijkstra,cbench-v1,B,2,-loop-distribute,0,1.149972327,0,368bfc673fca0e2111f063c9c6cbff226cc310a508042ecd9383fcd8b5eedf04,/home/daytona/.local/share/compiler_gym/llvm-v0/cbench-v1-runtime-data/runtime_data/network_dijkstra_data/10.dat
benchmark://cbench-v1/dijkstra,cbench-v1,B,2,-loop-distribute,1,1.121016743,0,368bfc673fca0e2111f063c9c6cbff226cc310a508042ecd9383fcd8b5eedf04,/home/daytona/.local/share/compiler_gym/llvm-v0/cbench-v1-runtime-data/runtime_data/network_dijkstra_data/10.dat
benchmark://cbench-v1/dijkstra,cbench-v1,B,2,-loop-distribute,2,1.181879308,0,368bfc673fca0e2111f063c9c6cbff226cc310a508042ecd9383fcd8b5eedf04,/home/daytona/.local/share/compiler_gym/llvm-v0/cbench-v1-runtime-data/runtime_data/network_dijkstra_data/10.dat
benchmark://cbench-v1/dijkstra,cbench-v1,B,2,-loop-distribute,3,1.121148417,0,368bfc673fca0e2111f063c9c6cbff226cc310a508042ecd9383fcd8b5eedf04,/home/daytona/.local/share/compiler_gym/llvm-v0/cbench-v1-runtime-data/runtime_data/network_dijkstra_data/10.dat
benchmark://cbench-v1/dijkstra,cbench-v1,B,2,-loop-distribute,4,1.129878405,0,368bfc673fca0e2111f063c9c6cbff226cc310a508042ecd9383fcd8b5eedf04,/home/daytona/.local/share/compiler_gym/llvm-v0/cbench-v1-runtime-data/runtime_data/network_dijkstra_data/10.dat
benchmark://cbench-v1/dijkstra,cbench-v1,B,2,-indvars,0,1.138674593,0,368bfc673fca0e2111f063c9c6cbff226cc310a508042ecd9383fcd8b5eedf04,/home/daytona/.local/share/compiler_gym/llvm-v0/cbench-v1-runtime-data/runtime_data/network_dijkstra_data/10.dat
benchmark://cbench-v1/dijkstra,cbench-v1,B,2,-indvars,1,1.129111307,0,368bfc673fca0e2111f063c9c6cbff226cc310a508042ecd9383fcd8b5eedf04,/home/daytona/.local/share/compiler_gym/llvm-v0/cbench-v1-runtime-data/runtime_data/network_dijkstra_data/10.dat
benchmark://cbench-v1/dijkstra,cbench-v1,B,2,-indvars,2,1.116367299,0,368bfc673fca0e2111f063c9c6cbff226cc310a508042ecd9383fcd8b5eedf04,/home/daytona/.local/share/compiler_gym/llvm-v0/cbench-v1-runtime-data/runtime_data/network_dijkstra_data/10.dat
benchmark://cbench-v1/dijkstra,cbench-v1,B,2,-indvars,3,1.142232345,0,368bfc673fca0e2111f063c9c6cbff226cc310a508042ecd9383fcd8b5eedf04,/home/daytona/.local/share/compiler_gym/llvm-v0/cbench-v1-runtime-data/runtime_data/network_dijkstra_data/10.dat
benchmark://cbench-v1/dijkstra,cbench-v1,B,2,-indvars,4,1.152830640,0,368bfc673fca0e2111f063c9c6cbff226cc310a508042ecd9383fcd8b5eedf04,/home/daytona/.local/share/compiler_gym/llvm-v0/cbench-v1-runtime-data/runtime_data/network_dijkstra_data/10.dat
benchmark://cbench-v1/tiff2rgba,cbench-v1,A,1,O0,0,0.003519032,0,e3b0c44298fc1c149afbf4c8996fb92427ae41e4649b934ca495991b7852b855,/home/daytona/.local/share/compiler_gym/llvm-v0/cbench-v1-runtime-data/runtime_data/consumer_tiff_data/1.bw.tif
benchmark://cbench-v1/tiff2rgba,cbench-v1,A,1,O0,1,0.004266774,0,e3b0c44298fc1c149afbf4c8996fb92427ae41e4649b934ca495991b7852b855,/home/daytona/.local/share/compiler_gym/llvm-v0/cbench-v1-runtime-data/runtime_data/consumer_tiff_data/1.bw.tif
benchmark://cbench-v1/tiff2rgba,cbench-v1,A,1,O0,2,0.003197888,0,e3b0c44298fc1c149afbf4c8996fb92427ae41e4649b934ca495991b7852b855,/home/daytona/.local/share/compiler_gym/llvm-v0/cbench-v1-runtime-data/runtime_data/consumer_tiff_data/1.bw.tif
benchmark://cbench-v1/tiff2rgba,cbench-v1,A,1,-licm,0,0.002831236,0,e3b0c44298fc1c149afbf4c8996fb92427ae41e4649b934ca495991b7852b855,/home/daytona/.local/share/compiler_gym/llvm-v0/cbench-v1-runtime-data/runtime_data/consumer_tiff_data/1.bw.tif
benchmark://cbench-v1/tiff2rgba,cbench-v1,A,1,-licm,1,0.013041727,0,e3b0c44298fc1c149afbf4c8996fb92427ae41e4649b934ca495991b7852b855,/home/daytona/.local/share/compiler_gym/llvm-v0/cbench-v1-runtime-data/runtime_data/consumer_tiff_data/1.bw.tif
benchmark://cbench-v1/tiff2rgba,cbench-v1,A,1,-licm,2,0.003326688,0,e3b0c44298fc1c149afbf4c8996fb92427ae41e4649b934ca495991b7852b855,/home/daytona/.local/share/compiler_gym/llvm-v0/cbench-v1-runtime-data/runtime_data/consumer_tiff_data/1.bw.tif
benchmark://cbench-v1/tiff2rgba,cbench-v1,A,1,-loop-rotate,0,0.003268996,0,e3b0c44298fc1c149afbf4c8996fb92427ae41e4649b934ca495991b7852b855,/home/daytona/.local/share/compiler_gym/llvm-v0/cbench-v1-runtime-data/runtime_data/consumer_tiff_data/1.bw.tif
benchmark://cbench-v1/tiff2rgba,cbench-v1,A,1,-loop-rotate,1,0.004202254,0,e3b0c44298fc1c149afbf4c8996fb92427ae41e4649b934ca495991b7852b855,/home/daytona/.local/share/compiler_gym/llvm-v0/cbench-v1-runtime-data/runtime_data/consumer_tiff_data/1.bw.tif
benchmark://cbench-v1/tiff2rgba,cbench-v1,A,1,-loop-rotate,2,0.003414130,0,e3b0c44298fc1c149afbf4c8996fb92427ae41e4649b934ca495991b7852b855,/home/daytona/.local/share/compiler_gym/llvm-v0/cbench-v1-runtime-data/runtime_data/consumer_tiff_data/1.bw.tif
benchmark://cbench-v1/tiff2rgba,cbench-v1,A,1,-loop-unroll,0,0.003175268,0,e3b0c44298fc1c149afbf4c8996fb92427ae41e4649b934ca495991b7852b855,/home/daytona/.local/share/compiler_gym/llvm-v0/cbench-v1-runtime-data/runtime_data/consumer_tiff_data/1.bw.tif
benchmark://cbench-v1/tiff2rgba,cbench-v1,A,1,-loop-unroll,1,0.003551953,0,e3b0c44298fc1c149afbf4c8996fb92427ae41e4649b934ca495991b7852b855,/home/daytona/.local/share/compiler_gym/llvm-v0/cbench-v1-runtime-data/runtime_data/consumer_tiff_data/1.bw.tif
benchmark://cbench-v1/tiff2rgba,cbench-v1,A,1,-loop-unroll,2,0.003462227,0,e3b0c44298fc1c149afbf4c8996fb92427ae41e4649b934ca495991b7852b855,/home/daytona/.local/share/compiler_gym/llvm-v0/cbench-v1-runtime-data/runtime_data/consumer_tiff_data/1.bw.tif
benchmark://cbench-v1/tiff2rgba,cbench-v1,A,1,-loop-vectorize,0,0.003392629,0,e3b0c44298fc1c149afbf4c8996fb92427ae41e4649b934ca495991b7852b855,/home/daytona/.local/share/compiler_gym/llvm-v0/cbench-v1-runtime-data/runtime_data/consumer_tiff_data/1.bw.tif
benchmark://cbench-v1/tiff2rgba,cbench-v1,A,1,-loop-vectorize,1,0.003705321,0,e3b0c44298fc1c149afbf4c8996fb92427ae41e4649b934ca495991b7852b855,/home/daytona/.local/share/compiler_gym/llvm-v0/cbench-v1-runtime-data/runtime_data/consumer_tiff_data/1.bw.tif
benchmark://cbench-v1/tiff2rgba,cbench-v1,A,1,-loop-vectorize,2,0.003839692,0,e3b0c44298fc1c149afbf4c8996fb92427ae41e4649b934ca495991b7852b855,/home/daytona/.local/share/compiler_gym/llvm-v0/cbench-v1-runtime-data/runtime_data/consumer_tiff_data/1.bw.tif
benchmark://cbench-v1/tiff2rgba,cbench-v1,A,1,-loop-deletion,0,0.002844954,0,e3b0c44298fc1c149afbf4c8996fb92427ae41e4649b934ca495991b7852b855,/home/daytona/.local/share/compiler_gym/llvm-v0/cbench-v1-runtime-data/runtime_data/consumer_tiff_data/1.bw.tif
benchmark://cbench-v1/tiff2rgba,cbench-v1,A,1,-loop-deletion,1,0.005590597,0,e3b0c44298fc1c149afbf4c8996fb92427ae41e4649b934ca495991b7852b855,/home/daytona/.local/share/compiler_gym/llvm-v0/cbench-v1-runtime-data/runtime_data/consumer_tiff_data/1.bw.tif
benchmark://cbench-v1/tiff2rgba,cbench-v1,A,1,-loop-deletion,2,0.017609878,0,e3b0c44298fc1c149afbf4c8996fb92427ae41e4649b934ca495991b7852b855,/home/daytona/.local/share/compiler_gym/llvm-v0/cbench-v1-runtime-data/runtime_data/consumer_tiff_data/1.bw.tif
benchmark://cbench-v1/tiff2rgba,cbench-v1,A,1,-loop-unswitch,0,0.002878804,0,e3b0c44298fc1c149afbf4c8996fb92427ae41e4649b934ca495991b7852b855,/home/daytona/.local/share/compiler_gym/llvm-v0/cbench-v1-runtime-data/runtime_data/consumer_tiff_data/1.bw.tif
benchmark://cbench-v1/tiff2rgba,cbench-v1,A,1,-loop-unswitch,1,0.003574632,0,e3b0c44298fc1c149afbf4c8996fb92427ae41e4649b934ca495991b7852b855,/home/daytona/.local/share/compiler_gym/llvm-v0/cbench-v1-runtime-data/runtime_data/consumer_tiff_data/1.bw.tif
benchmark://cbench-v1/tiff2rgba,cbench-v1,A,1,-loop-unswitch,2,0.003193965,0,e3b0c44298fc1c149afbf4c8996fb92427ae41e4649b934ca495991b7852b855,/home/daytona/.local/share/compiler_gym/llvm-v0/cbench-v1-runtime-data/runtime_data/consumer_tiff_data/1.bw.tif
benchmark://cbench-v1/tiff2rgba,cbench-v1,A,1,-loop-distribute,0,0.003211727,0,e3b0c44298fc1c149afbf4c8996fb92427ae41e4649b934ca495991b7852b855,/home/daytona/.local/share/compiler_gym/llvm-v0/cbench-v1-runtime-data/runtime_data/consumer_tiff_data/1.bw.tif
benchmark://cbench-v1/tiff2rgba,cbench-v1,A,1,-loop-distribute,1,0.003659902,0,e3b0c44298fc1c149afbf4c8996fb92427ae41e4649b934ca495991b7852b855,/home/daytona/.local/share/compiler_gym/llvm-v0/cbench-v1-runtime-data/runtime_data/consumer_tiff_data/1.bw.tif
benchmark://cbench-v1/tiff2rgba,cbench-v1,A,1,-loop-distribute,2,0.003057828,0,e3b0c44298fc1c149afbf4c8996fb92427ae41e4649b934ca495991b7852b855,/home/daytona/.local/share/compiler_gym/llvm-v0/cbench-v1-runtime-data/runtime_data/consumer_tiff_data/1.bw.tif
benchmark://cbench-v1/tiff2rgba,cbench-v1,A,1,-indvars,0,0.002928935,0,e3b0c44298fc1c149afbf4c8996fb92427ae41e4649b934ca495991b7852b855,/home/daytona/.local/share/compiler_gym/llvm-v0/cbench-v1-runtime-data/runtime_data/consumer_tiff_data/1.bw.tif
benchmark://cbench-v1/tiff2rgba,cbench-v1,A,1,-indvars,1,0.003009375,0,e3b0c44298fc1c149afbf4c8996fb92427ae41e4649b934ca495991b7852b855,/home/daytona/.local/share/compiler_gym/llvm-v0/cbench-v1-runtime-data/runtime_data/consumer_tiff_data/1.bw.tif
benchmark://cbench-v1/tiff2rgba,cbench-v1,A,1,-indvars,2,0.002939144,0,e3b0c44298fc1c149afbf4c8996fb92427ae41e4649b934ca495991b7852b855,/home/daytona/.local/share/compiler_gym/llvm-v0/cbench-v1-runtime-data/runtime_data/consumer_tiff_data/1.bw.tif
benchmark://cbench-v1/tiff2rgba,cbench-v1,A,2,O0,0,0.004497617,0,e3b0c44298fc1c149afbf4c8996fb92427ae41e4649b934ca495991b7852b855,/home/daytona/.local/share/compiler_gym/llvm-v0/cbench-v1-runtime-data/runtime_data/consumer_tiff_data/1.bw.tif
benchmark://cbench-v1/tiff2rgba,cbench-v1,A,2,O0,1,0.003639469,0,e3b0c44298fc1c149afbf4c8996fb92427ae41e4649b934ca495991b7852b855,/home/daytona/.local/share/compiler_gym/llvm-v0/cbench-v1-runtime-data/runtime_data/consumer_tiff_data/1.bw.tif
benchmark://cbench-v1/tiff2rgba,cbench-v1,A,2,O0,2,0.003534989,0,e3b0c44298fc1c149afbf4c8996fb92427ae41e4649b934ca495991b7852b855,/home/daytona/.local/share/compiler_gym/llvm-v0/cbench-v1-runtime-data/runtime_data/consumer_tiff_data/1.bw.tif
benchmark://cbench-v1/tiff2rgba,cbench-v1,A,2,-licm,0,0.002968865,0,e3b0c44298fc1c149afbf4c8996fb92427ae41e4649b934ca495991b7852b855,/home/daytona/.local/share/compiler_gym/llvm-v0/cbench-v1-runtime-data/runtime_data/consumer_tiff_data/1.bw.tif
benchmark://cbench-v1/tiff2rgba,cbench-v1,A,2,-licm,1,0.003727999,0,e3b0c44298fc1c149afbf4c8996fb92427ae41e4649b934ca495991b7852b855,/home/daytona/.local/share/compiler_gym/llvm-v0/cbench-v1-runtime-data/runtime_data/consumer_tiff_data/1.bw.tif
benchmark://cbench-v1/tiff2rgba,cbench-v1,A,2,-licm,2,0.003214616,0,e3b0c44298fc1c149afbf4c8996fb92427ae41e4649b934ca495991b7852b855,/home/daytona/.local/share/compiler_gym/llvm-v0/cbench-v1-runtime-data/runtime_data/consumer_tiff_data/1.bw.tif
benchmark://cbench-v1/tiff2rgba,cbench-v1,A,2,-loop-rotate,0,0.002924634,0,e3b0c44298fc1c149afbf4c8996fb92427ae41e4649b934ca495991b7852b855,/home/daytona/.local/share/compiler_gym/llvm-v0/cbench-v1-runtime-data/runtime_data/consumer_tiff_data/1.bw.tif
benchmark://cbench-v1/tiff2rgba,cbench-v1,A,2,-loop-rotate,1,0.002896292,0,e3b0c44298fc1c149afbf4c8996fb92427ae41e4649b934ca495991b7852b855,/home/daytona/.local/share/compiler_gym/llvm-v0/cbench-v1-runtime-data/runtime_data/consumer_tiff_data/1.bw.tif
benchmark://cbench-v1/tiff2rgba,cbench-v1,A,2,-loop-rotate,2,0.004988821,0,e3b0c44298fc1c149afbf4c8996fb92427ae41e4649b934ca495991b7852b855,/home/daytona/.local/share/compiler_gym/llvm-v0/cbench-v1-runtime-data/runtime_data/consumer_tiff_data/1.bw.tif
benchmark://cbench-v1/tiff2rgba,cbench-v1,A,2,-loop-unroll,0,0.002876595,0,e3b0c44298fc1c149afbf4c8996fb92427ae41e4649b934ca495991b7852b855,/home/daytona/.local/share/compiler_gym/llvm-v0/cbench-v1-runtime-data/runtime_data/consumer_tiff_data/1.bw.tif
benchmark://cbench-v1/tiff2rgba,cbench-v1,A,2,-loop-unroll,1,0.002803482,0,e3b0c44298fc1c149afbf4c8996fb92427ae41e4649b934ca495991b7852b855,/home/daytona/.local/share/compiler_gym/llvm-v0/cbench-v1-runtime-data/runtime_data/consumer_tiff_data/1.bw.tif
benchmark://cbench-v1/tiff2rgba,cbench-v1,A,2,-loop-unroll,2,0.003187483,0,e3b0c44298fc1c149afbf4c8996fb92427ae41e4649b934ca495991b7852b855,/home/daytona/.local/share/compiler_gym/llvm-v0/cbench-v1-runtime-data/runtime_data/consumer_tiff_data/1.bw.tif
benchmark://cbench-v1/tiff2rgba,cbench-v1,A,2,-loop-vectorize,0,0.002835095,0,e3b0c44298fc1c149afbf4c8996fb92427ae41e4649b934ca495991b7852b855,/home/daytona/.local/share/compiler_gym/llvm-v0/cbench-v1-runtime-data/runtime_data/consumer_tiff_data/1.bw.tif
benchmark://cbench-v1/tiff2rgba,cbench-v1,A,2,-loop-vectorize,1,0.003697613,0,e3b0c44298fc1c149afbf4c8996fb92427ae41e4649b934ca495991b7852b855,/home/daytona/.local/share/compiler_gym/llvm-v0/cbench-v1-runtime-data/runtime_data/consumer_tiff_data/1.bw.tif
benchmark://cbench-v1/tiff2rgba,cbench-v1,A,2,-loop-vectorize,2,0.003508747,0,e3b0c44298fc1c149afbf4c8996fb92427ae41e4649b934ca495991b7852b855,/home/daytona/.local/share/compiler_gym/llvm-v0/cbench-v1-runtime-data/runtime_data/consumer_tiff_data/1.bw.tif
benchmark://cbench-v1/tiff2rgba,cbench-v1,A,2,-loop-deletion,0,0.003559830,0,e3b0c44298fc1c149afbf4c8996fb92427ae41e4649b934ca495991b7852b855,/home/daytona/.local/share/compiler_gym/llvm-v0/cbench-v1-runtime-data/runtime_data/consumer_tiff_data/1.bw.tif
benchmark://cbench-v1/tiff2rgba,cbench-v1,A,2,-loop-deletion,1,0.002948783,0,e3b0c44298fc1c149afbf4c8996fb92427ae41e4649b934ca495991b7852b855,/home/daytona/.local/share/compiler_gym/llvm-v0/cbench-v1-runtime-data/runtime_data/consumer_tiff_data/1.bw.tif
benchmark://cbench-v1/tiff2rgba,cbench-v1,A,2,-loop-deletion,2,0.003154159,0,e3b0c44298fc1c149afbf4c8996fb92427ae41e4649b934ca495991b7852b855,/home/daytona/.local/share/compiler_gym/llvm-v0/cbench-v1-runtime-data/runtime_data/consumer_tiff_data/1.bw.tif
benchmark://cbench-v1/tiff2rgba,cbench-v1,A,2,-loop-unswitch,0,0.002939776,0,e3b0c44298fc1c149afbf4c8996fb92427ae41e4649b934ca495991b7852b855,/home/daytona/.local/share/compiler_gym/llvm-v0/cbench-v1-runtime-data/runtime_data/consumer_tiff_data/1.bw.tif
benchmark://cbench-v1/tiff2rgba,cbench-v1,A,2,-loop-unswitch,1,0.002855062,0,e3b0c44298fc1c149afbf4c8996fb92427ae41e4649b934ca495991b7852b855,/home/daytona/.local/share/compiler_gym/llvm-v0/cbench-v1-runtime-data/runtime_data/consumer_tiff_data/1.bw.tif
benchmark://cbench-v1/tiff2rgba,cbench-v1,A,2,-loop-unswitch,2,0.002835972,0,e3b0c44298fc1c149afbf4c8996fb92427ae41e4649b934ca495991b7852b855,/home/daytona/.local/share/compiler_gym/llvm-v0/cbench-v1-runtime-data/runtime_data/consumer_tiff_data/1.bw.tif
benchmark://cbench-v1/tiff2rgba,cbench-v1,A,2,-loop-distribute,0,0.002873613,0,e3b0c44298fc1c149afbf4c8996fb92427ae41e4649b934ca495991b7852b855,/home/daytona/.local/share/compiler_gym/llvm-v0/cbench-v1-runtime-data/runtime_data/consumer_tiff_data/1.bw.tif
benchmark://cbench-v1/tiff2rgba,cbench-v1,A,2,-loop-distribute,1,0.002914945,0,e3b0c44298fc1c149afbf4c8996fb92427ae41e4649b934ca495991b7852b855,/home/daytona/.local/share/compiler_gym/llvm-v0/cbench-v1-runtime-data/runtime_data/consumer_tiff_data/1.bw.tif
benchmark://cbench-v1/tiff2rgba,cbench-v1,A,2,-loop-distribute,2,0.003136648,0,e3b0c44298fc1c149afbf4c8996fb92427ae41e4649b934ca495991b7852b855,/home/daytona/.local/share/compiler_gym/llvm-v0/cbench-v1-runtime-data/runtime_data/consumer_tiff_data/1.bw.tif
benchmark://cbench-v1/tiff2rgba,cbench-v1,A,2,-indvars,0,0.003080497,0,e3b0c44298fc1c149afbf4c8996fb92427ae41e4649b934ca495991b7852b855,/home/daytona/.local/share/compiler_gym/llvm-v0/cbench-v1-runtime-data/runtime_data/consumer_tiff_data/1.bw.tif
benchmark://cbench-v1/tiff2rgba,cbench-v1,A,2,-indvars,1,0.005239595,0,e3b0c44298fc1c149afbf4c8996fb92427ae41e4649b934ca495991b7852b855,/home/daytona/.local/share/compiler_gym/llvm-v0/cbench-v1-runtime-data/runtime_data/consumer_tiff_data/1.bw.tif
benchmark://cbench-v1/tiff2rgba,cbench-v1,A,2,-indvars,2,0.003622340,0,e3b0c44298fc1c149afbf4c8996fb92427ae41e4649b934ca495991b7852b855,/home/daytona/.local/share/compiler_gym/llvm-v0/cbench-v1-runtime-data/runtime_data/consumer_tiff_data/1.bw.tif
benchmark://cbench-v1/tiff2rgba,cbench-v1,B,1,O0,0,1.339229615,0,e3b0c44298fc1c149afbf4c8996fb92427ae41e4649b934ca495991b7852b855,/home/daytona/.local/share/compiler_gym/llvm-v0/cbench-v1-runtime-data/runtime_data/consumer_tiff_data/11.bw.tif
benchmark://cbench-v1/tiff2rgba,cbench-v1,B,1,O0,1,1.335706521,0,e3b0c44298fc1c149afbf4c8996fb92427ae41e4649b934ca495991b7852b855,/home/daytona/.local/share/compiler_gym/llvm-v0/cbench-v1-runtime-data/runtime_data/consumer_tiff_data/11.bw.tif
benchmark://cbench-v1/tiff2rgba,cbench-v1,B,1,O0,2,1.630938740,0,e3b0c44298fc1c149afbf4c8996fb92427ae41e4649b934ca495991b7852b855,/home/daytona/.local/share/compiler_gym/llvm-v0/cbench-v1-runtime-data/runtime_data/consumer_tiff_data/11.bw.tif
benchmark://cbench-v1/tiff2rgba,cbench-v1,B,1,O0,3,1.952719748,0,e3b0c44298fc1c149afbf4c8996fb92427ae41e4649b934ca495991b7852b855,/home/daytona/.local/share/compiler_gym/llvm-v0/cbench-v1-runtime-data/runtime_data/consumer_tiff_data/11.bw.tif
benchmark://cbench-v1/tiff2rgba,cbench-v1,B,1,O0,4,1.351973968,0,e3b0c44298fc1c149afbf4c8996fb92427ae41e4649b934ca495991b7852b855,/home/daytona/.local/share/compiler_gym/llvm-v0/cbench-v1-runtime-data/runtime_data/consumer_tiff_data/11.bw.tif
benchmark://cbench-v1/tiff2rgba,cbench-v1,B,1,-licm,0,1.407203542,0,e3b0c44298fc1c149afbf4c8996fb92427ae41e4649b934ca495991b7852b855,/home/daytona/.local/share/compiler_gym/llvm-v0/cbench-v1-runtime-data/runtime_data/consumer_tiff_data/11.bw.tif
benchmark://cbench-v1/tiff2rgba,cbench-v1,B,1,-licm,1,1.324347218,0,e3b0c44298fc1c149afbf4c8996fb92427ae41e4649b934ca495991b7852b855,/home/daytona/.local/share/compiler_gym/llvm-v0/cbench-v1-runtime-data/runtime_data/consumer_tiff_data/11.bw.tif
benchmark://cbench-v1/tiff2rgba,cbench-v1,B,1,-licm,2,1.348732727,0,e3b0c44298fc1c149afbf4c8996fb92427ae41e4649b934ca495991b7852b855,/home/daytona/.local/share/compiler_gym/llvm-v0/cbench-v1-runtime-data/runtime_data/consumer_tiff_data/11.bw.tif
benchmark://cbench-v1/tiff2rgba,cbench-v1,B,1,-licm,3,1.881056767,0,e3b0c44298fc1c149afbf4c8996fb92427ae41e4649b934ca495991b7852b855,/home/daytona/.local/share/compiler_gym/llvm-v0/cbench-v1-runtime-data/runtime_data/consumer_tiff_data/11.bw.tif
benchmark://cbench-v1/tiff2rgba,cbench-v1,B,1,-licm,4,1.356212752,0,e3b0c44298fc1c149afbf4c8996fb92427ae41e4649b934ca495991b7852b855,/home/daytona/.local/share/compiler_gym/llvm-v0/cbench-v1-runtime-data/runtime_data/consumer_tiff_data/11.bw.tif
benchmark://cbench-v1/tiff2rgba,cbench-v1,B,1,-loop-rotate,0,1.534315763,0,e3b0c44298fc1c149afbf4c8996fb92427ae41e4649b934ca495991b7852b855,/home/daytona/.local/share/compiler_gym/llvm-v0/cbench-v1-runtime-data/runtime_data/consumer_tiff_data/11.bw.tif
benchmark://cbench-v1/tiff2rgba,cbench-v1,B,1,-loop-rotate,1,1.569318861,0,e3b0c44298fc1c149afbf4c8996fb92427ae41e4649b934ca495991b7852b855,/home/daytona/.local/share/compiler_gym/llvm-v0/cbench-v1-runtime-data/runtime_data/consumer_tiff_data/11.bw.tif
benchmark://cbench-v1/tiff2rgba,cbench-v1,B,1,-loop-rotate,2,1.523959341,0,e3b0c44298fc1c149afbf4c8996fb92427ae41e4649b934ca495991b7852b855,/home/daytona/.local/share/compiler_gym/llvm-v0/cbench-v1-runtime-data/runtime_data/consumer_tiff_data/11.bw.tif
benchmark://cbench-v1/tiff2rgba,cbench-v1,B,1,-loop-rotate,3,2.177350936,0,e3b0c44298fc1c149afbf4c8996fb92427ae41e4649b934ca495991b7852b855,/home/daytona/.local/share/compiler_gym/llvm-v0/cbench-v1-runtime-data/runtime_data/consumer_tiff_data/11.bw.tif
benchmark://cbench-v1/tiff2rgba,cbench-v1,B,1,-loop-rotate,4,1.484117849,0,e3b0c44298fc1c149afbf4c8996fb92427ae41e4649b934ca495991b7852b855,/home/daytona/.local/share/compiler_gym/llvm-v0/cbench-v1-runtime-data/runtime_data/consumer_tiff_data/11.bw.tif
benchmark://cbench-v1/tiff2rgba,cbench-v1,B,1,-loop-unroll,0,1.317699915,0,e3b0c44298fc1c149afbf4c8996fb92427ae41e4649b934ca495991b7852b855,/home/daytona/.local/share/compiler_gym/llvm-v0/cbench-v1-runtime-data/runtime_data/consumer_tiff_data/11.bw.tif
benchmark://cbench-v1/tiff2rgba,cbench-v1,B,1,-loop-unroll,1,1.415006444,0,e3b0c44298fc1c149afbf4c8996fb92427ae41e4649b934ca495991b7852b855,/home/daytona/.local/share/compiler_gym/llvm-v0/cbench-v1-runtime-data/runtime_data/consumer_tiff_data/11.bw.tif
benchmark://cbench-v1/tiff2rgba,cbench-v1,B,1,-loop-unroll,2,1.360726140,0,e3b0c44298fc1c149afbf4c8996fb92427ae41e4649b934ca495991b7852b855,/home/daytona/.local/share/compiler_gym/llvm-v0/cbench-v1-runtime-data/runtime_data/consumer_tiff_data/11.bw.tif
benchmark://cbench-v1/tiff2rgba,cbench-v1,B,1,-loop-unroll,3,1.327162344,0,e3b0c44298fc1c149afbf4c8996fb92427ae41e4649b934ca495991b7852b855,/home/daytona/.local/share/compiler_gym/llvm-v0/cbench-v1-runtime-data/runtime_data/consumer_tiff_data/11.bw.tif
benchmark://cbench-v1/tiff2rgba,cbench-v1,B,1,-loop-unroll,4,1.365927162,0,e3b0c44298fc1c149afbf4c8996fb92427ae41e4649b934ca495991b7852b855,/home/daytona/.local/share/compiler_gym/llvm-v0/cbench-v1-runtime-data/runtime_data/consumer_tiff_data/11.bw.tif
benchmark://cbench-v1/tiff2rgba,cbench-v1,B,1,-loop-vectorize,0,1.317129111,0,e3b0c44298fc1c149afbf4c8996fb92427ae41e4649b934ca495991b7852b855,/home/daytona/.local/share/compiler_gym/llvm-v0/cbench-v1-runtime-data/runtime_data/consumer_tiff_data/11.bw.tif
benchmark://cbench-v1/tiff2rgba,cbench-v1,B,1,-loop-vectorize,1,1.351342542,0,e3b0c44298fc1c149afbf4c8996fb92427ae41e4649b934ca495991b7852b855,/home/daytona/.local/share/compiler_gym/llvm-v0/cbench-v1-runtime-data/runtime_data/consumer_tiff_data/11.bw.tif
benchmark://cbench-v1/tiff2rgba,cbench-v1,B,1,-loop-vectorize,2,1.357523523,0,e3b0c44298fc1c149afbf4c8996fb92427ae41e4649b934ca495991b7852b855,/home/daytona/.local/share/compiler_gym/llvm-v0/cbench-v1-runtime-data/runtime_data/consumer_tiff_data/11.bw.tif
benchmark://cbench-v1/tiff2rgba,cbench-v1,B,1,-loop-vectorize,3,1.354099173,0,e3b0c44298fc1c149afbf4c8996fb92427ae41e4649b934ca495991b7852b855,/home/daytona/.local/share/compiler_gym/llvm-v0/cbench-v1-runtime-data/runtime_data/consumer_tiff_data/11.bw.tif
benchmark://cbench-v1/tiff2rgba,cbench-v1,B,1,-loop-vectorize,4,1.913061785,0,e3b0c44298fc1c149afbf4c8996fb92427ae41e4649b934ca495991b7852b855,/home/daytona/.local/share/compiler_gym/llvm-v0/cbench-v1-runtime-data/runtime_data/consumer_tiff_data/11.bw.tif
benchmark://cbench-v1/tiff2rgba,cbench-v1,B,1,-loop-deletion,0,1.417620108,0,e3b0c44298fc1c149afbf4c8996fb92427ae41e4649b934ca495991b7852b855,/home/daytona/.local/share/compiler_gym/llvm-v0/cbench-v1-runtime-data/runtime_data/consumer_tiff_data/11.bw.tif
benchmark://cbench-v1/tiff2rgba,cbench-v1,B,1,-loop-deletion,1,1.312236419,0,e3b0c44298fc1c149afbf4c8996fb92427ae41e4649b934ca495991b7852b855,/home/daytona/.local/share/compiler_gym/llvm-v0/cbench-v1-runtime-data/runtime_data/consumer_tiff_data/11.bw.tif
benchmark://cbench-v1/tiff2rgba,cbench-v1,B,1,-loop-deletion,2,1.344057940,0,e3b0c44298fc1c149afbf4c8996fb92427ae41e4649b934ca495991b7852b855,/home/daytona/.local/share/compiler_gym/llvm-v0/cbench-v1-runtime-data/runtime_data/consumer_tiff_data/11.bw.tif
benchmark://cbench-v1/tiff2rgba,cbench-v1,B,1,-loop-deletion,3,1.323575817,0,e3b0c44298fc1c149afbf4c8996fb92427ae41e4649b934ca495991b7852b855,/home/daytona/.local/share/compiler_gym/llvm-v0/cbench-v1-runtime-data/runtime_data/consumer_tiff_data/11.bw.tif
benchmark://cbench-v1/tiff2rgba,cbench-v1,B,1,-loop-deletion,4,1.734841488,0,e3b0c44298fc1c149afbf4c8996fb92427ae41e4649b934ca495991b7852b855,/home/daytona/.local/share/compiler_gym/llvm-v0/cbench-v1-runtime-data/runtime_data/consumer_tiff_data/11.bw.tif
benchmark://cbench-v1/tiff2rgba,cbench-v1,B,1,-loop-unswitch,0,1.394900655,0,e3b0c44298fc1c149afbf4c8996fb92427ae41e4649b934ca495991b7852b855,/home/daytona/.local/share/compiler_gym/llvm-v0/cbench-v1-runtime-data/runtime_data/consumer_tiff_data/11.bw.tif
benchmark://cbench-v1/tiff2rgba,cbench-v1,B,1,-loop-unswitch,1,1.294942919,0,e3b0c44298fc1c149afbf4c8996fb92427ae41e4649b934ca495991b7852b855,/home/daytona/.local/share/compiler_gym/llvm-v0/cbench-v1-runtime-data/runtime_data/consumer_tiff_data/11.bw.tif
benchmark://cbench-v1/tiff2rgba,cbench-v1,B,1,-loop-unswitch,2,1.554517832,0,e3b0c44298fc1c149afbf4c8996fb92427ae41e4649b934ca495991b7852b855,/home/daytona/.local/share/compiler_gym/llvm-v0/cbench-v1-runtime-data/runtime_data/consumer_tiff_data/11.bw.tif
benchmark://cbench-v1/tiff2rgba,cbench-v1,B,1,-loop-unswitch,3,1.320471248,0,e3b0c44298fc1c149afbf4c8996fb92427ae41e4649b934ca495991b7852b855,/home/daytona/.local/share/compiler_gym/llvm-v0/cbench-v1-runtime-data/runtime_data/consumer_tiff_data/11.bw.tif
benchmark://cbench-v1/tiff2rgba,cbench-v1,B,1,-loop-unswitch,4,1.477629166,0,e3b0c44298fc1c149afbf4c8996fb92427ae41e4649b934ca495991b7852b855,/home/daytona/.local/share/compiler_gym/llvm-v0/cbench-v1-runtime-data/runtime_data/consumer_tiff_data/11.bw.tif
benchmark://cbench-v1/tiff2rgba,cbench-v1,B,1,-loop-distribute,0,1.427015444,0,e3b0c44298fc1c149afbf4c8996fb92427ae41e4649b934ca495991b7852b855,/home/daytona/.local/share/compiler_gym/llvm-v0/cbench-v1-runtime-data/runtime_data/consumer_tiff_data/11.bw.tif
benchmark://cbench-v1/tiff2rgba,cbench-v1,B,1,-loop-distribute,1,1.346463433,0,e3b0c44298fc1c149afbf4c8996fb92427ae41e4649b934ca495991b7852b855,/home/daytona/.local/share/compiler_gym/llvm-v0/cbench-v1-runtime-data/runtime_data/consumer_tiff_data/11.bw.tif
benchmark://cbench-v1/tiff2rgba,cbench-v1,B,1,-loop-distribute,2,1.897285972,0,e3b0c44298fc1c149afbf4c8996fb92427ae41e4649b934ca495991b7852b855,/home/daytona/.local/share/compiler_gym/llvm-v0/cbench-v1-runtime-data/runtime_data/consumer_tiff_data/11.bw.tif
benchmark://cbench-v1/tiff2rgba,cbench-v1,B,1,-loop-distribute,3,1.908661481,0,e3b0c44298fc1c149afbf4c8996fb92427ae41e4649b934ca495991b7852b855,/home/daytona/.local/share/compiler_gym/llvm-v0/cbench-v1-runtime-data/runtime_data/consumer_tiff_data/11.bw.tif
benchmark://cbench-v1/tiff2rgba,cbench-v1,B,1,-loop-distribute,4,1.657934615,0,e3b0c44298fc1c149afbf4c8996fb92427ae41e4649b934ca495991b7852b855,/home/daytona/.local/share/compiler_gym/llvm-v0/cbench-v1-runtime-data/runtime_data/consumer_tiff_data/11.bw.tif
benchmark://cbench-v1/tiff2rgba,cbench-v1,B,1,-indvars,0,1.369594095,0,e3b0c44298fc1c149afbf4c8996fb92427ae41e4649b934ca495991b7852b855,/home/daytona/.local/share/compiler_gym/llvm-v0/cbench-v1-runtime-data/runtime_data/consumer_tiff_data/11.bw.tif
benchmark://cbench-v1/tiff2rgba,cbench-v1,B,1,-indvars,1,1.449242549,0,e3b0c44298fc1c149afbf4c8996fb92427ae41e4649b934ca495991b7852b855,/home/daytona/.local/share/compiler_gym/llvm-v0/cbench-v1-runtime-data/runtime_data/consumer_tiff_data/11.bw.tif
benchmark://cbench-v1/tiff2rgba,cbench-v1,B,1,-indvars,2,1.902813928,0,e3b0c44298fc1c149afbf4c8996fb92427ae41e4649b934ca495991b7852b855,/home/daytona/.local/share/compiler_gym/llvm-v0/cbench-v1-runtime-data/runtime_data/consumer_tiff_data/11.bw.tif
benchmark://cbench-v1/tiff2rgba,cbench-v1,B,1,-indvars,3,1.915419681,0,e3b0c44298fc1c149afbf4c8996fb92427ae41e4649b934ca495991b7852b855,/home/daytona/.local/share/compiler_gym/llvm-v0/cbench-v1-runtime-data/runtime_data/consumer_tiff_data/11.bw.tif
benchmark://cbench-v1/tiff2rgba,cbench-v1,B,1,-indvars,4,1.368940657,0,e3b0c44298fc1c149afbf4c8996fb92427ae41e4649b934ca495991b7852b855,/home/daytona/.local/share/compiler_gym/llvm-v0/cbench-v1-runtime-data/runtime_data/consumer_tiff_data/11.bw.tif
benchmark://cbench-v1/tiff2rgba,cbench-v1,B,2,O0,0,1.443327729,0,e3b0c44298fc1c149afbf4c8996fb92427ae41e4649b934ca495991b7852b855,/home/daytona/.local/share/compiler_gym/llvm-v0/cbench-v1-runtime-data/runtime_data/consumer_tiff_data/11.bw.tif
benchmark://cbench-v1/tiff2rgba,cbench-v1,B,2,O0,1,1.392809095,0,e3b0c44298fc1c149afbf4c8996fb92427ae41e4649b934ca495991b7852b855,/home/daytona/.local/share/compiler_gym/llvm-v0/cbench-v1-runtime-data/runtime_data/consumer_tiff_data/11.bw.tif
benchmark://cbench-v1/tiff2rgba,cbench-v1,B,2,O0,2,1.353169804,0,e3b0c44298fc1c149afbf4c8996fb92427ae41e4649b934ca495991b7852b855,/home/daytona/.local/share/compiler_gym/llvm-v0/cbench-v1-runtime-data/runtime_data/consumer_tiff_data/11.bw.tif
benchmark://cbench-v1/tiff2rgba,cbench-v1,B,2,O0,3,1.320503661,0,e3b0c44298fc1c149afbf4c8996fb92427ae41e4649b934ca495991b7852b855,/home/daytona/.local/share/compiler_gym/llvm-v0/cbench-v1-runtime-data/runtime_data/consumer_tiff_data/11.bw.tif
benchmark://cbench-v1/tiff2rgba,cbench-v1,B,2,O0,4,1.360242998,0,e3b0c44298fc1c149afbf4c8996fb92427ae41e4649b934ca495991b7852b855,/home/daytona/.local/share/compiler_gym/llvm-v0/cbench-v1-runtime-data/runtime_data/consumer_tiff_data/11.bw.tif
benchmark://cbench-v1/tiff2rgba,cbench-v1,B,2,-licm,0,1.484396571,0,e3b0c44298fc1c149afbf4c8996fb92427ae41e4649b934ca495991b7852b855,/home/daytona/.local/share/compiler_gym/llvm-v0/cbench-v1-runtime-data/runtime_data/consumer_tiff_data/11.bw.tif
benchmark://cbench-v1/tiff2rgba,cbench-v1,B,2,-licm,1,1.461399639,0,e3b0c44298fc1c149afbf4c8996fb92427ae41e4649b934ca495991b7852b855,/home/daytona/.local/share/compiler_gym/llvm-v0/cbench-v1-runtime-data/runtime_data/consumer_tiff_data/11.bw.tif
benchmark://cbench-v1/tiff2rgba,cbench-v1,B,2,-licm,2,1.382014504,0,e3b0c44298fc1c149afbf4c8996fb92427ae41e4649b934ca495991b7852b855,/home/daytona/.local/share/compiler_gym/llvm-v0/cbench-v1-runtime-data/runtime_data/consumer_tiff_data/11.bw.tif
benchmark://cbench-v1/tiff2rgba,cbench-v1,B,2,-licm,3,1.324994996,0,e3b0c44298fc1c149afbf4c8996fb92427ae41e4649b934ca495991b7852b855,/home/daytona/.local/share/compiler_gym/llvm-v0/cbench-v1-runtime-data/runtime_data/consumer_tiff_data/11.bw.tif
benchmark://cbench-v1/tiff2rgba,cbench-v1,B,2,-licm,4,1.327093823,0,e3b0c44298fc1c149afbf4c8996fb92427ae41e4649b934ca495991b7852b855,/home/daytona/.local/share/compiler_gym/llvm-v0/cbench-v1-runtime-data/runtime_data/consumer_tiff_data/11.bw.tif
benchmark://cbench-v1/tiff2rgba,cbench-v1,B,2,-loop-rotate,0,1.834320812,0,e3b0c44298fc1c149afbf4c8996fb92427ae41e4649b934ca495991b7852b855,/home/daytona/.local/share/compiler_gym/llvm-v0/cbench-v1-runtime-data/runtime_data/consumer_tiff_data/11.bw.tif
benchmark://cbench-v1/tiff2rgba,cbench-v1,B,2,-loop-rotate,1,1.475622805,0,e3b0c44298fc1c149afbf4c8996fb92427ae41e4649b934ca495991b7852b855,/home/daytona/.local/share/compiler_gym/llvm-v0/cbench-v1-runtime-data/runtime_data/consumer_tiff_data/11.bw.tif
benchmark://cbench-v1/tiff2rgba,cbench-v1,B,2,-loop-rotate,2,1.471206017,0,e3b0c44298fc1c149afbf4c8996fb92427ae41e4649b934ca495991b7852b855,/home/daytona/.local/share/compiler_gym/llvm-v0/cbench-v1-runtime-data/runtime_data/consumer_tiff_data/11.bw.tif
benchmark://cbench-v1/tiff2rgba,cbench-v1,B,2,-loop-rotate,3,1.471220564,0,e3b0c44298fc1c149afbf4c8996fb92427ae41e4649b934ca495991b7852b855,/home/daytona/.local/share/compiler_gym/llvm-v0/cbench-v1-runtime-data/runtime_data/consumer_tiff_data/11.bw.tif
benchmark://cbench-v1/tiff2rgba,cbench-v1,B,2,-loop-rotate,4,1.458748436,0,e3b0c44298fc1c149afbf4c8996fb92427ae41e4649b934ca495991b7852b855,/home/daytona/.local/share/compiler_gym/llvm-v0/cbench-v1-runtime-data/runtime_data/consumer_tiff_data/11.bw.tif
benchmark://cbench-v1/tiff2rgba,cbench-v1,B,2,-loop-unroll,0,1.349527968,0,e3b0c44298fc1c149afbf4c8996fb92427ae41e4649b934ca495991b7852b855,/home/daytona/.local/share/compiler_gym/llvm-v0/cbench-v1-runtime-data/runtime_data/consumer_tiff_data/11.bw.tif
benchmark://cbench-v1/tiff2rgba,cbench-v1,B,2,-loop-unroll,1,1.342433350,0,e3b0c44298fc1c149afbf4c8996fb92427ae41e4649b934ca495991b7852b855,/home/daytona/.local/share/compiler_gym/llvm-v0/cbench-v1-runtime-data/runtime_data/consumer_tiff_data/11.bw.tif
benchmark://cbench-v1/tiff2rgba,cbench-v1,B,2,-loop-unroll,2,1.341322906,0,e3b0c44298fc1c149afbf4c8996fb92427ae41e4649b934ca495991b7852b855,/home/daytona/.local/share/compiler_gym/llvm-v0/cbench-v1-runtime-data/runtime_data/consumer_tiff_data/11.bw.tif
benchmark://cbench-v1/tiff2rgba,cbench-v1,B,2,-loop-unroll,3,1.347315755,0,e3b0c44298fc1c149afbf4c8996fb92427ae41e4649b934ca495991b7852b855,/home/daytona/.local/share/compiler_gym/llvm-v0/cbench-v1-runtime-data/runtime_data/consumer_tiff_data/11.bw.tif
benchmark://cbench-v1/tiff2rgba,cbench-v1,B,2,-loop-unroll,4,1.316063311,0,e3b0c44298fc1c149afbf4c8996fb92427ae41e4649b934ca495991b7852b855,/home/daytona/.local/share/compiler_gym/llvm-v0/cbench-v1-runtime-data/runtime_data/consumer_tiff_data/11.bw.tif
benchmark://cbench-v1/tiff2rgba,cbench-v1,B,2,-loop-vectorize,0,1.441717803,0,e3b0c44298fc1c149afbf4c8996fb92427ae41e4649b934ca495991b7852b855,/home/daytona/.local/share/compiler_gym/llvm-v0/cbench-v1-runtime-data/runtime_data/consumer_tiff_data/11.bw.tif
benchmark://cbench-v1/tiff2rgba,cbench-v1,B,2,-loop-vectorize,1,1.406877264,0,e3b0c44298fc1c149afbf4c8996fb92427ae41e4649b934ca495991b7852b855,/home/daytona/.local/share/compiler_gym/llvm-v0/cbench-v1-runtime-data/runtime_data/consumer_tiff_data/11.bw.tif
benchmark://cbench-v1/tiff2rgba,cbench-v1,B,2,-loop-vectorize,2,1.370033823,0,e3b0c44298fc1c149afbf4c8996fb92427ae41e4649b934ca495991b7852b855,/home/daytona/.local/share/compiler_gym/llvm-v0/cbench-v1-runtime-data/runtime_data/consumer_tiff_data/11.bw.tif
benchmark://cbench-v1/tiff2rgba,cbench-v1,B,2,-loop-vectorize,3,1.426042920,0,e3b0c44298fc1c149afbf4c8996fb92427ae41e4649b934ca495991b7852b855,/home/daytona/.local/share/compiler_gym/llvm-v0/cbench-v1-runtime-data/runtime_data/consumer_tiff_data/11.bw.tif
benchmark://cbench-v1/tiff2rgba,cbench-v1,B,2,-loop-vectorize,4,1.312488724,0,e3b0c44298fc1c149afbf4c8996fb92427ae41e4649b934ca495991b7852b855,/home/daytona/.local/share/compiler_gym/llvm-v0/cbench-v1-runtime-data/runtime_data/consumer_tiff_data/11.bw.tif
benchmark://cbench-v1/tiff2rgba,cbench-v1,B,2,-loop-deletion,0,1.343170386,0,e3b0c44298fc1c149afbf4c8996fb92427ae41e4649b934ca495991b7852b855,/home/daytona/.local/share/compiler_gym/llvm-v0/cbench-v1-runtime-data/runtime_data/consumer_tiff_data/11.bw.tif
benchmark://cbench-v1/tiff2rgba,cbench-v1,B,2,-loop-deletion,1,1.534351742,0,e3b0c44298fc1c149afbf4c8996fb92427ae41e4649b934ca495991b7852b855,/home/daytona/.local/share/compiler_gym/llvm-v0/cbench-v1-runtime-data/runtime_data/consumer_tiff_data/11.bw.tif
benchmark://cbench-v1/tiff2rgba,cbench-v1,B,2,-loop-deletion,2,1.326416273,0,e3b0c44298fc1c149afbf4c8996fb92427ae41e4649b934ca495991b7852b855,/home/daytona/.local/share/compiler_gym/llvm-v0/cbench-v1-runtime-data/runtime_data/consumer_tiff_data/11.bw.tif
benchmark://cbench-v1/tiff2rgba,cbench-v1,B,2,-loop-deletion,3,1.351103624,0,e3b0c44298fc1c149afbf4c8996fb92427ae41e4649b934ca495991b7852b855,/home/daytona/.local/share/compiler_gym/llvm-v0/cbench-v1-runtime-data/runtime_data/consumer_tiff_data/11.bw.tif
benchmark://cbench-v1/tiff2rgba,cbench-v1,B,2,-loop-deletion,4,1.291529110,0,e3b0c44298fc1c149afbf4c8996fb92427ae41e4649b934ca495991b7852b855,/home/daytona/.local/share/compiler_gym/llvm-v0/cbench-v1-runtime-data/runtime_data/consumer_tiff_data/11.bw.tif
benchmark://cbench-v1/tiff2rgba,cbench-v1,B,2,-loop-unswitch,0,1.418122329,0,e3b0c44298fc1c149afbf4c8996fb92427ae41e4649b934ca495991b7852b855,/home/daytona/.local/share/compiler_gym/llvm-v0/cbench-v1-runtime-data/runtime_data/consumer_tiff_data/11.bw.tif
benchmark://cbench-v1/tiff2rgba,cbench-v1,B,2,-loop-unswitch,1,1.388367439,0,e3b0c44298fc1c149afbf4c8996fb92427ae41e4649b934ca495991b7852b855,/home/daytona/.local/share/compiler_gym/llvm-v0/cbench-v1-runtime-data/runtime_data/consumer_tiff_data/11.bw.tif
benchmark://cbench-v1/tiff2rgba,cbench-v1,B,2,-loop-unswitch,2,1.337615157,0,e3b0c44298fc1c149afbf4c8996fb92427ae41e4649b934ca495991b7852b855,/home/daytona/.local/share/compiler_gym/llvm-v0/cbench-v1-runtime-data/runtime_data/consumer_tiff_data/11.bw.tif
benchmark://cbench-v1/tiff2rgba,cbench-v1,B,2,-loop-unswitch,3,1.366307031,0,e3b0c44298fc1c149afbf4c8996fb92427ae41e4649b934ca495991b7852b855,/home/daytona/.local/share/compiler_gym/llvm-v0/cbench-v1-runtime-data/runtime_data/consumer_tiff_data/11.bw.tif
benchmark://cbench-v1/tiff2rgba,cbench-v1,B,2,-loop-unswitch,4,1.308149816,0,e3b0c44298fc1c149afbf4c8996fb92427ae41e4649b934ca495991b7852b855,/home/daytona/.local/share/compiler_gym/llvm-v0/cbench-v1-runtime-data/runtime_data/consumer_tiff_data/11.bw.tif
benchmark://cbench-v1/tiff2rgba,cbench-v1,B,2,-loop-distribute,0,1.367877480,0,e3b0c44298fc1c149afbf4c8996fb92427ae41e4649b934ca495991b7852b855,/home/daytona/.local/share/compiler_gym/llvm-v0/cbench-v1-runtime-data/runtime_data/consumer_tiff_data/11.bw.tif
benchmark://cbench-v1/tiff2rgba,cbench-v1,B,2,-loop-distribute,1,1.333084350,0,e3b0c44298fc1c149afbf4c8996fb92427ae41e4649b934ca495991b7852b855,/home/daytona/.local/share/compiler_gym/llvm-v0/cbench-v1-runtime-data/runtime_data/consumer_tiff_data/11.bw.tif
benchmark://cbench-v1/tiff2rgba,cbench-v1,B,2,-loop-distribute,2,1.387082417,0,e3b0c44298fc1c149afbf4c8996fb92427ae41e4649b934ca495991b7852b855,/home/daytona/.local/share/compiler_gym/llvm-v0/cbench-v1-runtime-data/runtime_data/consumer_tiff_data/11.bw.tif
benchmark://cbench-v1/tiff2rgba,cbench-v1,B,2,-loop-distribute,3,1.327517532,0,e3b0c44298fc1c149afbf4c8996fb92427ae41e4649b934ca495991b7852b855,/home/daytona/.local/share/compiler_gym/llvm-v0/cbench-v1-runtime-data/runtime_data/consumer_tiff_data/11.bw.tif
benchmark://cbench-v1/tiff2rgba,cbench-v1,B,2,-loop-distribute,4,1.322996410,0,e3b0c44298fc1c149afbf4c8996fb92427ae41e4649b934ca495991b7852b855,/home/daytona/.local/share/compiler_gym/llvm-v0/cbench-v1-runtime-data/runtime_data/consumer_tiff_data/11.bw.tif
benchmark://cbench-v1/tiff2rgba,cbench-v1,B,2,-indvars,0,1.335981997,0,e3b0c44298fc1c149afbf4c8996fb92427ae41e4649b934ca495991b7852b855,/home/daytona/.local/share/compiler_gym/llvm-v0/cbench-v1-runtime-data/runtime_data/consumer_tiff_data/11.bw.tif
benchmark://cbench-v1/tiff2rgba,cbench-v1,B,2,-indvars,1,1.306653589,0,e3b0c44298fc1c149afbf4c8996fb92427ae41e4649b934ca495991b7852b855,/home/daytona/.local/share/compiler_gym/llvm-v0/cbench-v1-runtime-data/runtime_data/consumer_tiff_data/11.bw.tif
benchmark://cbench-v1/tiff2rgba,cbench-v1,B,2,-indvars,2,1.325414864,0,e3b0c44298fc1c149afbf4c8996fb92427ae41e4649b934ca495991b7852b855,/home/daytona/.local/share/compiler_gym/llvm-v0/cbench-v1-runtime-data/runtime_data/consumer_tiff_data/11.bw.tif
benchmark://cbench-v1/tiff2rgba,cbench-v1,B,2,-indvars,3,1.326713033,0,e3b0c44298fc1c149afbf4c8996fb92427ae41e4649b934ca495991b7852b855,/home/daytona/.local/share/compiler_gym/llvm-v0/cbench-v1-runtime-data/runtime_data/consumer_tiff_data/11.bw.tif
benchmark://cbench-v1/tiff2rgba,cbench-v1,B,2,-indvars,4,1.286976039,0,e3b0c44298fc1c149afbf4c8996fb92427ae41e4649b934ca495991b7852b855,/home/daytona/.local/share/compiler_gym/llvm-v0/cbench-v1-runtime-data/runtime_data/consumer_tiff_data/11.bw.tif
benchmark://cbench-v1/bitcount,cbench-v1,A,1,O0,0,0.034357546,0,46b7dc738ac09e949432d9e2c08820f9c7004c687096d0bb064595c9b7376367,
benchmark://cbench-v1/bitcount,cbench-v1,A,1,O0,1,0.035284333,0,46b7dc738ac09e949432d9e2c08820f9c7004c687096d0bb064595c9b7376367,
benchmark://cbench-v1/bitcount,cbench-v1,A,1,O0,2,0.034691567,0,46b7dc738ac09e949432d9e2c08820f9c7004c687096d0bb064595c9b7376367,
benchmark://cbench-v1/bitcount,cbench-v1,A,1,-licm,0,0.033047434,0,46b7dc738ac09e949432d9e2c08820f9c7004c687096d0bb064595c9b7376367,
benchmark://cbench-v1/bitcount,cbench-v1,A,1,-licm,1,0.032402521,0,46b7dc738ac09e949432d9e2c08820f9c7004c687096d0bb064595c9b7376367,
benchmark://cbench-v1/bitcount,cbench-v1,A,1,-licm,2,0.033048471,0,46b7dc738ac09e949432d9e2c08820f9c7004c687096d0bb064595c9b7376367,
benchmark://cbench-v1/bitcount,cbench-v1,A,1,-loop-rotate,0,0.033612251,0,46b7dc738ac09e949432d9e2c08820f9c7004c687096d0bb064595c9b7376367,
benchmark://cbench-v1/bitcount,cbench-v1,A,1,-loop-rotate,1,0.033395428,0,46b7dc738ac09e949432d9e2c08820f9c7004c687096d0bb064595c9b7376367,
benchmark://cbench-v1/bitcount,cbench-v1,A,1,-loop-rotate,2,0.033269050,0,46b7dc738ac09e949432d9e2c08820f9c7004c687096d0bb064595c9b7376367,
benchmark://cbench-v1/bitcount,cbench-v1,A,1,-loop-unroll,0,0.035001000,0,46b7dc738ac09e949432d9e2c08820f9c7004c687096d0bb064595c9b7376367,
benchmark://cbench-v1/bitcount,cbench-v1,A,1,-loop-unroll,1,0.038769173,0,46b7dc738ac09e949432d9e2c08820f9c7004c687096d0bb064595c9b7376367,
benchmark://cbench-v1/bitcount,cbench-v1,A,1,-loop-unroll,2,0.034870347,0,46b7dc738ac09e949432d9e2c08820f9c7004c687096d0bb064595c9b7376367,
benchmark://cbench-v1/bitcount,cbench-v1,A,1,-loop-vectorize,0,0.034535825,0,46b7dc738ac09e949432d9e2c08820f9c7004c687096d0bb064595c9b7376367,
benchmark://cbench-v1/bitcount,cbench-v1,A,1,-loop-vectorize,1,0.034654947,0,46b7dc738ac09e949432d9e2c08820f9c7004c687096d0bb064595c9b7376367,
benchmark://cbench-v1/bitcount,cbench-v1,A,1,-loop-vectorize,2,0.034395644,0,46b7dc738ac09e949432d9e2c08820f9c7004c687096d0bb064595c9b7376367,
benchmark://cbench-v1/bitcount,cbench-v1,A,1,-loop-deletion,0,0.035973918,0,46b7dc738ac09e949432d9e2c08820f9c7004c687096d0bb064595c9b7376367,
benchmark://cbench-v1/bitcount,cbench-v1,A,1,-loop-deletion,1,0.037001317,0,46b7dc738ac09e949432d9e2c08820f9c7004c687096d0bb064595c9b7376367,
benchmark://cbench-v1/bitcount,cbench-v1,A,1,-loop-deletion,2,0.040421344,0,46b7dc738ac09e949432d9e2c08820f9c7004c687096d0bb064595c9b7376367,
benchmark://cbench-v1/bitcount,cbench-v1,A,1,-loop-unswitch,0,0.039793732,0,46b7dc738ac09e949432d9e2c08820f9c7004c687096d0bb064595c9b7376367,
benchmark://cbench-v1/bitcount,cbench-v1,A,1,-loop-unswitch,1,0.039669592,0,46b7dc738ac09e949432d9e2c08820f9c7004c687096d0bb064595c9b7376367,
benchmark://cbench-v1/bitcount,cbench-v1,A,1,-loop-unswitch,2,0.038890611,0,46b7dc738ac09e949432d9e2c08820f9c7004c687096d0bb064595c9b7376367,
benchmark://cbench-v1/bitcount,cbench-v1,A,1,-loop-distribute,0,0.035207530,0,46b7dc738ac09e949432d9e2c08820f9c7004c687096d0bb064595c9b7376367,
benchmark://cbench-v1/bitcount,cbench-v1,A,1,-loop-distribute,1,0.034767227,0,46b7dc738ac09e949432d9e2c08820f9c7004c687096d0bb064595c9b7376367,
benchmark://cbench-v1/bitcount,cbench-v1,A,1,-loop-distribute,2,0.034113815,0,46b7dc738ac09e949432d9e2c08820f9c7004c687096d0bb064595c9b7376367,
benchmark://cbench-v1/bitcount,cbench-v1,A,1,-indvars,0,0.033853790,0,46b7dc738ac09e949432d9e2c08820f9c7004c687096d0bb064595c9b7376367,
benchmark://cbench-v1/bitcount,cbench-v1,A,1,-indvars,1,0.045867251,0,46b7dc738ac09e949432d9e2c08820f9c7004c687096d0bb064595c9b7376367,
benchmark://cbench-v1/bitcount,cbench-v1,A,1,-indvars,2,0.034677567,0,46b7dc738ac09e949432d9e2c08820f9c7004c687096d0bb064595c9b7376367,
benchmark://cbench-v1/bitcount,cbench-v1,A,2,O0,0,0.035126522,0,46b7dc738ac09e949432d9e2c08820f9c7004c687096d0bb064595c9b7376367,
benchmark://cbench-v1/bitcount,cbench-v1,A,2,O0,1,0.038865332,0,46b7dc738ac09e949432d9e2c08820f9c7004c687096d0bb064595c9b7376367,
benchmark://cbench-v1/bitcount,cbench-v1,A,2,O0,2,0.035697976,0,46b7dc738ac09e949432d9e2c08820f9c7004c687096d0bb064595c9b7376367,
benchmark://cbench-v1/bitcount,cbench-v1,A,2,-licm,0,0.032542568,0,46b7dc738ac09e949432d9e2c08820f9c7004c687096d0bb064595c9b7376367,
benchmark://cbench-v1/bitcount,cbench-v1,A,2,-licm,1,0.032214519,0,46b7dc738ac09e949432d9e2c08820f9c7004c687096d0bb064595c9b7376367,
benchmark://cbench-v1/bitcount,cbench-v1,A,2,-licm,2,0.032472471,0,46b7dc738ac09e949432d9e2c08820f9c7004c687096d0bb064595c9b7376367,
benchmark://cbench-v1/bitcount,cbench-v1,A,2,-loop-rotate,0,0.033567140,0,46b7dc738ac09e949432d9e2c08820f9c7004c687096d0bb064595c9b7376367,
benchmark://cbench-v1/bitcount,cbench-v1,A,2,-loop-rotate,1,0.033826662,0,46b7dc738ac09e949432d9e2c08820f9c7004c687096d0bb064595c9b7376367,
benchmark://cbench-v1/bitcount,cbench-v1,A,2,-loop-rotate,2,0.034972411,0,46b7dc738ac09e949432d9e2c08820f9c7004c687096d0bb064595c9b7376367,
benchmark://cbench-v1/bitcount,cbench-v1,A,2,-loop-unroll,0,0.034403294,0,46b7dc738ac09e949432d9e2c08820f9c7004c687096d0bb064595c9b7376367,
benchmark://cbench-v1/bitcount,cbench-v1,A,2,-loop-unroll,1,0.034930501,0,46b7dc738ac09e949432d9e2c08820f9c7004c687096d0bb064595c9b7376367,
benchmark://cbench-v1/bitcount,cbench-v1,A,2,-loop-unroll,2,0.034640968,0,46b7dc738ac09e949432d9e2c08820f9c7004c687096d0bb064595c9b7376367,
benchmark://cbench-v1/bitcount,cbench-v1,A,2,-loop-vectorize,0,0.034929100,0,46b7dc738ac09e949432d9e2c08820f9c7004c687096d0bb064595c9b7376367,
benchmark://cbench-v1/bitcount,cbench-v1,A,2,-loop-vectorize,1,0.034871841,0,46b7dc738ac09e949432d9e2c08820f9c7004c687096d0bb064595c9b7376367,
benchmark://cbench-v1/bitcount,cbench-v1,A,2,-loop-vectorize,2,0.044941533,0,46b7dc738ac09e949432d9e2c08820f9c7004c687096d0bb064595c9b7376367,
benchmark://cbench-v1/bitcount,cbench-v1,A,2,-loop-deletion,0,0.044678731,0,46b7dc738ac09e949432d9e2c08820f9c7004c687096d0bb064595c9b7376367,
benchmark://cbench-v1/bitcount,cbench-v1,A,2,-loop-deletion,1,0.038898332,0,46b7dc738ac09e949432d9e2c08820f9c7004c687096d0bb064595c9b7376367,
benchmark://cbench-v1/bitcount,cbench-v1,A,2,-loop-deletion,2,0.034239853,0,46b7dc738ac09e949432d9e2c08820f9c7004c687096d0bb064595c9b7376367,
benchmark://cbench-v1/bitcount,cbench-v1,A,2,-loop-unswitch,0,0.039155316,0,46b7dc738ac09e949432d9e2c08820f9c7004c687096d0bb064595c9b7376367,
benchmark://cbench-v1/bitcount,cbench-v1,A,2,-loop-unswitch,1,0.033850489,0,46b7dc738ac09e949432d9e2c08820f9c7004c687096d0bb064595c9b7376367,
benchmark://cbench-v1/bitcount,cbench-v1,A,2,-loop-unswitch,2,0.034118451,0,46b7dc738ac09e949432d9e2c08820f9c7004c687096d0bb064595c9b7376367,
benchmark://cbench-v1/bitcount,cbench-v1,A,2,-loop-distribute,0,0.034480646,0,46b7dc738ac09e949432d9e2c08820f9c7004c687096d0bb064595c9b7376367,
benchmark://cbench-v1/bitcount,cbench-v1,A,2,-loop-distribute,1,0.035149520,0,46b7dc738ac09e949432d9e2c08820f9c7004c687096d0bb064595c9b7376367,
benchmark://cbench-v1/bitcount,cbench-v1,A,2,-loop-distribute,2,0.034585180,0,46b7dc738ac09e949432d9e2c08820f9c7004c687096d0bb064595c9b7376367,
benchmark://cbench-v1/bitcount,cbench-v1,A,2,-indvars,0,0.034989350,0,46b7dc738ac09e949432d9e2c08820f9c7004c687096d0bb064595c9b7376367,
benchmark://cbench-v1/bitcount,cbench-v1,A,2,-indvars,1,0.035989627,0,46b7dc738ac09e949432d9e2c08820f9c7004c687096d0bb064595c9b7376367,
benchmark://cbench-v1/bitcount,cbench-v1,A,2,-indvars,2,0.035511851,0,46b7dc738ac09e949432d9e2c08820f9c7004c687096d0bb064595c9b7376367,
benchmark://cbench-v1/bitcount,cbench-v1,B,1,O0,0,0.034264494,0,46b7dc738ac09e949432d9e2c08820f9c7004c687096d0bb064595c9b7376367,
benchmark://cbench-v1/bitcount,cbench-v1,B,1,O0,1,0.034484666,0,46b7dc738ac09e949432d9e2c08820f9c7004c687096d0bb064595c9b7376367,
benchmark://cbench-v1/bitcount,cbench-v1,B,1,O0,2,0.035163403,0,46b7dc738ac09e949432d9e2c08820f9c7004c687096d0bb064595c9b7376367,
benchmark://cbench-v1/bitcount,cbench-v1,B,1,O0,3,0.034716100,0,46b7dc738ac09e949432d9e2c08820f9c7004c687096d0bb064595c9b7376367,
benchmark://cbench-v1/bitcount,cbench-v1,B,1,O0,4,0.035185413,0,46b7dc738ac09e949432d9e2c08820f9c7004c687096d0bb064595c9b7376367,
benchmark://cbench-v1/bitcount,cbench-v1,B,1,-licm,0,0.033053616,0,46b7dc738ac09e949432d9e2c08820f9c7004c687096d0bb064595c9b7376367,
benchmark://cbench-v1/bitcount,cbench-v1,B,1,-licm,1,0.032455098,0,46b7dc738ac09e949432d9e2c08820f9c7004c687096d0bb064595c9b7376367,
benchmark://cbench-v1/bitcount,cbench-v1,B,1,-licm,2,0.034759978,0,46b7dc738ac09e949432d9e2c08820f9c7004c687096d0bb064595c9b7376367,
benchmark://cbench-v1/bitcount,cbench-v1,B,1,-licm,3,0.035704905,0,46b7dc738ac09e949432d9e2c08820f9c7004c687096d0bb064595c9b7376367,
benchmark://cbench-v1/bitcount,cbench-v1,B,1,-licm,4,0.033079352,0,46b7dc738ac09e949432d9e2c08820f9c7004c687096d0bb064595c9b7376367,
benchmark://cbench-v1/bitcount,cbench-v1,B,1,-loop-rotate,0,0.034527656,0,46b7dc738ac09e949432d9e2c08820f9c7004c687096d0bb064595c9b7376367,
benchmark://cbench-v1/bitcount,cbench-v1,B,1,-loop-rotate,1,0.033474848,0,46b7dc738ac09e949432d9e2c08820f9c7004c687096d0bb064595c9b7376367,
benchmark://cbench-v1/bitcount,cbench-v1,B,1,-loop-rotate,2,0.034026612,0,46b7dc738ac09e949432d9e2c08820f9c7004c687096d0bb064595c9b7376367,
benchmark://cbench-v1/bitcount,cbench-v1,B,1,-loop-rotate,3,0.033170674,0,46b7dc738ac09e949432d9e2c08820f9c7004c687096d0bb064595c9b7376367,
benchmark://cbench-v1/bitcount,cbench-v1,B,1,-loop-rotate,4,0.033909552,0,46b7dc738ac09e949432d9e2c08820f9c7004c687096d0bb064595c9b7376367,
benchmark://cbench-v1/bitcount,cbench-v1,B,1,-loop-unroll,0,0.038109349,0,46b7dc738ac09e949432d9e2c08820f9c7004c687096d0bb064595c9b7376367,
benchmark://cbench-v1/bitcount,cbench-v1,B,1,-loop-unroll,1,0.034800179,0,46b7dc738ac09e949432d9e2c08820f9c7004c687096d0bb064595c9b7376367,
benchmark://cbench-v1/bitcount,cbench-v1,B,1,-loop-unroll,2,0.034815198,0,46b7dc738ac09e949432d9e2c08820f9c7004c687096d0bb064595c9b7376367,
benchmark://cbench-v1/bitcount,cbench-v1,B,1,-loop-unroll,3,0.035363123,0,46b7dc738ac09e949432d9e2c08820f9c7004c687096d0bb064595c9b7376367,
benchmark://cbench-v1/bitcount,cbench-v1,B,1,-loop-unroll,4,0.036379613,0,46b7dc738ac09e949432d9e2c08820f9c7004c687096d0bb064595c9b7376367,
benchmark://cbench-v1/bitcount,cbench-v1,B,1,-loop-vectorize,0,0.037374388,0,46b7dc738ac09e949432d9e2c08820f9c7004c687096d0bb064595c9b7376367,
benchmark://cbench-v1/bitcount,cbench-v1,B,1,-loop-vectorize,1,0.035022609,0,46b7dc738ac09e949432d9e2c08820f9c7004c687096d0bb064595c9b7376367,
benchmark://cbench-v1/bitcount,cbench-v1,B,1,-loop-vectorize,2,0.034901399,0,46b7dc738ac09e949432d9e2c08820f9c7004c687096d0bb064595c9b7376367,
benchmark://cbench-v1/bitcount,cbench-v1,B,1,-loop-vectorize,3,0.035155084,0,46b7dc738ac09e949432d9e2c08820f9c7004c687096d0bb064595c9b7376367,
benchmark://cbench-v1/bitcount,cbench-v1,B,1,-loop-vectorize,4,0.033803619,0,46b7dc738ac09e949432d9e2c08820f9c7004c687096d0bb064595c9b7376367,
benchmark://cbench-v1/bitcount,cbench-v1,B,1,-loop-deletion,0,0.035877926,0,46b7dc738ac09e949432d9e2c08820f9c7004c687096d0bb064595c9b7376367,
benchmark://cbench-v1/bitcount,cbench-v1,B,1,-loop-deletion,1,0.034999462,0,46b7dc738ac09e949432d9e2c08820f9c7004c687096d0bb064595c9b7376367,
benchmark://cbench-v1/bitcount,cbench-v1,B,1,-loop-deletion,2,0.034344805,0,46b7dc738ac09e949432d9e2c08820f9c7004c687096d0bb064595c9b7376367,
benchmark://cbench-v1/bitcount,cbench-v1,B,1,-loop-deletion,3,0.037649501,0,46b7dc738ac09e949432d9e2c08820f9c7004c687096d0bb064595c9b7376367,
benchmark://cbench-v1/bitcount,cbench-v1,B,1,-loop-deletion,4,0.034177072,0,46b7dc738ac09e949432d9e2c08820f9c7004c687096d0bb064595c9b7376367,
benchmark://cbench-v1/bitcount,cbench-v1,B,1,-loop-unswitch,0,0.035629535,0,46b7dc738ac09e949432d9e2c08820f9c7004c687096d0bb064595c9b7376367,
benchmark://cbench-v1/bitcount,cbench-v1,B,1,-loop-unswitch,1,0.036653334,0,46b7dc738ac09e949432d9e2c08820f9c7004c687096d0bb064595c9b7376367,
benchmark://cbench-v1/bitcount,cbench-v1,B,1,-loop-unswitch,2,0.036816955,0,46b7dc738ac09e949432d9e2c08820f9c7004c687096d0bb064595c9b7376367,
benchmark://cbench-v1/bitcount,cbench-v1,B,1,-loop-unswitch,3,0.035839587,0,46b7dc738ac09e949432d9e2c08820f9c7004c687096d0bb064595c9b7376367,
benchmark://cbench-v1/bitcount,cbench-v1,B,1,-loop-unswitch,4,0.035136903,0,46b7dc738ac09e949432d9e2c08820f9c7004c687096d0bb064595c9b7376367,
benchmark://cbench-v1/bitcount,cbench-v1,B,1,-loop-distribute,0,0.036120120,0,46b7dc738ac09e949432d9e2c08820f9c7004c687096d0bb064595c9b7376367,
benchmark://cbench-v1/bitcount,cbench-v1,B,1,-loop-distribute,1,0.038262995,0,46b7dc738ac09e949432d9e2c08820f9c7004c687096d0bb064595c9b7376367,
benchmark://cbench-v1/bitcount,cbench-v1,B,1,-loop-distribute,2,0.034397105,0,46b7dc738ac09e949432d9e2c08820f9c7004c687096d0bb064595c9b7376367,
benchmark://cbench-v1/bitcount,cbench-v1,B,1,-loop-distribute,3,0.034185614,0,46b7dc738ac09e949432d9e2c08820f9c7004c687096d0bb064595c9b7376367,
benchmark://cbench-v1/bitcount,cbench-v1,B,1,-loop-distribute,4,0.034511417,0,46b7dc738ac09e949432d9e2c08820f9c7004c687096d0bb064595c9b7376367,
benchmark://cbench-v1/bitcount,cbench-v1,B,1,-indvars,0,0.034271084,0,46b7dc738ac09e949432d9e2c08820f9c7004c687096d0bb064595c9b7376367,
benchmark://cbench-v1/bitcount,cbench-v1,B,1,-indvars,1,0.035119291,0,46b7dc738ac09e949432d9e2c08820f9c7004c687096d0bb064595c9b7376367,
benchmark://cbench-v1/bitcount,cbench-v1,B,1,-indvars,2,0.058284994,0,46b7dc738ac09e949432d9e2c08820f9c7004c687096d0bb064595c9b7376367,
benchmark://cbench-v1/bitcount,cbench-v1,B,1,-indvars,3,0.034634748,0,46b7dc738ac09e949432d9e2c08820f9c7004c687096d0bb064595c9b7376367,
benchmark://cbench-v1/bitcount,cbench-v1,B,1,-indvars,4,0.034514608,0,46b7dc738ac09e949432d9e2c08820f9c7004c687096d0bb064595c9b7376367,
benchmark://cbench-v1/bitcount,cbench-v1,B,2,O0,0,0.034530515,0,46b7dc738ac09e949432d9e2c08820f9c7004c687096d0bb064595c9b7376367,
benchmark://cbench-v1/bitcount,cbench-v1,B,2,O0,1,0.037512640,0,46b7dc738ac09e949432d9e2c08820f9c7004c687096d0bb064595c9b7376367,
benchmark://cbench-v1/bitcount,cbench-v1,B,2,O0,2,0.034346025,0,46b7dc738ac09e949432d9e2c08820f9c7004c687096d0bb064595c9b7376367,
benchmark://cbench-v1/bitcount,cbench-v1,B,2,O0,3,0.034184601,0,46b7dc738ac09e949432d9e2c08820f9c7004c687096d0bb064595c9b7376367,
benchmark://cbench-v1/bitcount,cbench-v1,B,2,O0,4,0.034427676,0,46b7dc738ac09e949432d9e2c08820f9c7004c687096d0bb064595c9b7376367,
benchmark://cbench-v1/bitcount,cbench-v1,B,2,-licm,0,0.032355899,0,46b7dc738ac09e949432d9e2c08820f9c7004c687096d0bb064595c9b7376367,
benchmark://cbench-v1/bitcount,cbench-v1,B,2,-licm,1,0.033368576,0,46b7dc738ac09e949432d9e2c08820f9c7004c687096d0bb064595c9b7376367,
benchmark://cbench-v1/bitcount,cbench-v1,B,2,-licm,2,0.032142155,0,46b7dc738ac09e949432d9e2c08820f9c7004c687096d0bb064595c9b7376367,
benchmark://cbench-v1/bitcount,cbench-v1,B,2,-licm,3,0.032239826,0,46b7dc738ac09e949432d9e2c08820f9c7004c687096d0bb064595c9b7376367,
benchmark://cbench-v1/bitcount,cbench-v1,B,2,-licm,4,0.034108665,0,46b7dc738ac09e949432d9e2c08820f9c7004c687096d0bb064595c9b7376367,
benchmark://cbench-v1/bitcount,cbench-v1,B,2,-loop-rotate,0,0.043304469,0,46b7dc738ac09e949432d9e2c08820f9c7004c687096d0bb064595c9b7376367,
benchmark://cbench-v1/bitcount,cbench-v1,B,2,-loop-rotate,1,0.034166714,0,46b7dc738ac09e949432d9e2c08820f9c7004c687096d0bb064595c9b7376367,
benchmark://cbench-v1/bitcount,cbench-v1,B,2,-loop-rotate,2,0.034543389,0,46b7dc738ac09e949432d9e2c08820f9c7004c687096d0bb064595c9b7376367,
benchmark://cbench-v1/bitcount,cbench-v1,B,2,-loop-rotate,3,0.036472522,0,46b7dc738ac09e949432d9e2c08820f9c7004c687096d0bb064595c9b7376367,
benchmark://cbench-v1/bitcount,cbench-v1,B,2,-loop-rotate,4,0.033238396,0,46b7dc738ac09e949432d9e2c08820f9c7004c687096d0bb064595c9b7376367,
benchmark://cbench-v1/bitcount,cbench-v1,B,2,-loop-unroll,0,0.039639750,0,46b7dc738ac09e949432d9e2c08820f9c7004c687096d0bb064595c9b7376367,
benchmark://cbench-v1/bitcount,cbench-v1,B,2,-loop-unroll,1,0.034126442,0,46b7dc738ac09e949432d9e2c08820f9c7004c687096d0bb064595c9b7376367,
benchmark://cbench-v1/bitcount,cbench-v1,B,2,-loop-unroll,2,0.035522707,0,46b7dc738ac09e949432d9e2c08820f9c7004c687096d0bb064595c9b7376367,
benchmark://cbench-v1/bitcount,cbench-v1,B,2,-loop-unroll,3,0.034028713,0,46b7dc738ac09e949432d9e2c08820f9c7004c687096d0bb064595c9b7376367,
benchmark://cbench-v1/bitcount,cbench-v1,B,2,-loop-unroll,4,0.033802450,0,46b7dc738ac09e949432d9e2c08820f9c7004c687096d0bb064595c9b7376367,
benchmark://cbench-v1/bitcount,cbench-v1,B,2,-loop-vectorize,0,0.035600116,0,46b7dc738ac09e949432d9e2c08820f9c7004c687096d0bb064595c9b7376367,
benchmark://cbench-v1/bitcount,cbench-v1,B,2,-loop-vectorize,1,0.051568527,0,46b7dc738ac09e949432d9e2c08820f9c7004c687096d0bb064595c9b7376367,
benchmark://cbench-v1/bitcount,cbench-v1,B,2,-loop-vectorize,2,0.043660691,0,46b7dc738ac09e949432d9e2c08820f9c7004c687096d0bb064595c9b7376367,
benchmark://cbench-v1/bitcount,cbench-v1,B,2,-loop-vectorize,3,0.034961499,0,46b7dc738ac09e949432d9e2c08820f9c7004c687096d0bb064595c9b7376367,
benchmark://cbench-v1/bitcount,cbench-v1,B,2,-loop-vectorize,4,0.034305744,0,46b7dc738ac09e949432d9e2c08820f9c7004c687096d0bb064595c9b7376367,
benchmark://cbench-v1/bitcount,cbench-v1,B,2,-loop-deletion,0,0.034380514,0,46b7dc738ac09e949432d9e2c08820f9c7004c687096d0bb064595c9b7376367,
benchmark://cbench-v1/bitcount,cbench-v1,B,2,-loop-deletion,1,0.035026351,0,46b7dc738ac09e949432d9e2c08820f9c7004c687096d0bb064595c9b7376367,
benchmark://cbench-v1/bitcount,cbench-v1,B,2,-loop-deletion,2,0.034730699,0,46b7dc738ac09e949432d9e2c08820f9c7004c687096d0bb064595c9b7376367,
benchmark://cbench-v1/bitcount,cbench-v1,B,2,-loop-deletion,3,0.039184276,0,46b7dc738ac09e949432d9e2c08820f9c7004c687096d0bb064595c9b7376367,
benchmark://cbench-v1/bitcount,cbench-v1,B,2,-loop-deletion,4,0.034300445,0,46b7dc738ac09e949432d9e2c08820f9c7004c687096d0bb064595c9b7376367,
benchmark://cbench-v1/bitcount,cbench-v1,B,2,-loop-unswitch,0,0.035026470,0,46b7dc738ac09e949432d9e2c08820f9c7004c687096d0bb064595c9b7376367,
benchmark://cbench-v1/bitcount,cbench-v1,B,2,-loop-unswitch,1,0.041628756,0,46b7dc738ac09e949432d9e2c08820f9c7004c687096d0bb064595c9b7376367,
benchmark://cbench-v1/bitcount,cbench-v1,B,2,-loop-unswitch,2,0.034275977,0,46b7dc738ac09e949432d9e2c08820f9c7004c687096d0bb064595c9b7376367,
benchmark://cbench-v1/bitcount,cbench-v1,B,2,-loop-unswitch,3,0.035036659,0,46b7dc738ac09e949432d9e2c08820f9c7004c687096d0bb064595c9b7376367,
benchmark://cbench-v1/bitcount,cbench-v1,B,2,-loop-unswitch,4,0.036518253,0,46b7dc738ac09e949432d9e2c08820f9c7004c687096d0bb064595c9b7376367,
benchmark://cbench-v1/bitcount,cbench-v1,B,2,-loop-distribute,0,0.034622815,0,46b7dc738ac09e949432d9e2c08820f9c7004c687096d0bb064595c9b7376367,
benchmark://cbench-v1/bitcount,cbench-v1,B,2,-loop-distribute,1,0.036079220,0,46b7dc738ac09e949432d9e2c08820f9c7004c687096d0bb064595c9b7376367,
benchmark://cbench-v1/bitcount,cbench-v1,B,2,-loop-distribute,2,0.034377584,0,46b7dc738ac09e949432d9e2c08820f9c7004c687096d0bb064595c9b7376367,
benchmark://cbench-v1/bitcount,cbench-v1,B,2,-loop-distribute,3,0.034018762,0,46b7dc738ac09e949432d9e2c08820f9c7004c687096d0bb064595c9b7376367,
benchmark://cbench-v1/bitcount,cbench-v1,B,2,-loop-distribute,4,0.034062292,0,46b7dc738ac09e949432d9e2c08820f9c7004c687096d0bb064595c9b7376367,
benchmark://cbench-v1/bitcount,cbench-v1,B,2,-indvars,0,0.035244141,0,46b7dc738ac09e949432d9e2c08820f9c7004c687096d0bb064595c9b7376367,
benchmark://cbench-v1/bitcount,cbench-v1,B,2,-indvars,1,0.035317384,0,46b7dc738ac09e949432d9e2c08820f9c7004c687096d0bb064595c9b7376367,
benchmark://cbench-v1/bitcount,cbench-v1,B,2,-indvars,2,0.034717210,0,46b7dc738ac09e949432d9e2c08820f9c7004c687096d0bb064595c9b7376367,
benchmark://cbench-v1/bitcount,cbench-v1,B,2,-indvars,3,0.035063863,0,46b7dc738ac09e949432d9e2c08820f9c7004c687096d0bb064595c9b7376367,
benchmark://cbench-v1/bitcount,cbench-v1,B,2,-indvars,4,0.044431759,0,46b7dc738ac09e949432d9e2c08820f9c7004c687096d0bb064595c9b7376367,
benchmark://chstone-v0/adpcm,chstone-v0,A,1,O0,0,0.004400009,0,9a271f2a916b0b6ee6cecb2426f0b3206ef074578be55d9bc94f6f3fe3ab86aa,
benchmark://chstone-v0/adpcm,chstone-v0,A,1,O0,1,0.002139347,0,9a271f2a916b0b6ee6cecb2426f0b3206ef074578be55d9bc94f6f3fe3ab86aa,
benchmark://chstone-v0/adpcm,chstone-v0,A,1,O0,2,0.002821492,0,9a271f2a916b0b6ee6cecb2426f0b3206ef074578be55d9bc94f6f3fe3ab86aa,
benchmark://chstone-v0/adpcm,chstone-v0,A,1,-licm,0,0.001976028,0,9a271f2a916b0b6ee6cecb2426f0b3206ef074578be55d9bc94f6f3fe3ab86aa,
benchmark://chstone-v0/adpcm,chstone-v0,A,1,-licm,1,0.001892844,0,9a271f2a916b0b6ee6cecb2426f0b3206ef074578be55d9bc94f6f3fe3ab86aa,
benchmark://chstone-v0/adpcm,chstone-v0,A,1,-licm,2,0.001868449,0,9a271f2a916b0b6ee6cecb2426f0b3206ef074578be55d9bc94f6f3fe3ab86aa,
benchmark://chstone-v0/adpcm,chstone-v0,A,1,-loop-rotate,0,0.002127536,0,9a271f2a916b0b6ee6cecb2426f0b3206ef074578be55d9bc94f6f3fe3ab86aa,
benchmark://chstone-v0/adpcm,chstone-v0,A,1,-loop-rotate,1,0.001832495,0,9a271f2a916b0b6ee6cecb2426f0b3206ef074578be55d9bc94f6f3fe3ab86aa,
benchmark://chstone-v0/adpcm,chstone-v0,A,1,-loop-rotate,2,0.001888536,0,9a271f2a916b0b6ee6cecb2426f0b3206ef074578be55d9bc94f6f3fe3ab86aa,
benchmark://chstone-v0/adpcm,chstone-v0,A,1,-loop-unroll,0,0.001998987,0,9a271f2a916b0b6ee6cecb2426f0b3206ef074578be55d9bc94f6f3fe3ab86aa,
benchmark://chstone-v0/adpcm,chstone-v0,A,1,-loop-unroll,1,0.002077848,0,9a271f2a916b0b6ee6cecb2426f0b3206ef074578be55d9bc94f6f3fe3ab86aa,
benchmark://chstone-v0/adpcm,chstone-v0,A,1,-loop-unroll,2,0.001965577,0,9a271f2a916b0b6ee6cecb2426f0b3206ef074578be55d9bc94f6f3fe3ab86aa,
benchmark://chstone-v0/adpcm,chstone-v0,A,1,-loop-vectorize,0,0.002112735,0,9a271f2a916b0b6ee6cecb2426f0b3206ef074578be55d9bc94f6f3fe3ab86aa,
benchmark://chstone-v0/adpcm,chstone-v0,A,1,-loop-vectorize,1,0.002004528,0,9a271f2a916b0b6ee6cecb2426f0b3206ef074578be55d9bc94f6f3fe3ab86aa,
benchmark://chstone-v0/adpcm,chstone-v0,A,1,-loop-vectorize,2,0.004469985,0,9a271f2a916b0b6ee6cecb2426f0b3206ef074578be55d9bc94f6f3fe3ab86aa,
benchmark://chstone-v0/adpcm,chstone-v0,A,1,-loop-deletion,0,0.002926156,0,9a271f2a916b0b6ee6cecb2426f0b3206ef074578be55d9bc94f6f3fe3ab86aa,
benchmark://chstone-v0/adpcm,chstone-v0,A,1,-loop-deletion,1,0.002628880,0,9a271f2a916b0b6ee6cecb2426f0b3206ef074578be55d9bc94f6f3fe3ab86aa,
benchmark://chstone-v0/adpcm,chstone-v0,A,1,-loop-deletion,2,0.002070447,0,9a271f2a916b0b6ee6cecb2426f0b3206ef074578be55d9bc94f6f3fe3ab86aa,
benchmark://chstone-v0/adpcm,chstone-v0,A,1,-loop-unswitch,0,0.001983166,0,9a271f2a916b0b6ee6cecb2426f0b3206ef074578be55d9bc94f6f3fe3ab86aa,
benchmark://chstone-v0/adpcm,chstone-v0,A,1,-loop-unswitch,1,0.001962576,0,9a271f2a916b0b6ee6cecb2426f0b3206ef074578be55d9bc94f6f3fe3ab86aa,
benchmark://chstone-v0/adpcm,chstone-v0,A,1,-loop-unswitch,2,0.001981696,0,9a271f2a916b0b6ee6cecb2426f0b3206ef074578be55d9bc94f6f3fe3ab86aa,
benchmark://chstone-v0/adpcm,chstone-v0,A,1,-loop-distribute,0,0.002098106,0,9a271f2a916b0b6ee6cecb2426f0b3206ef074578be55d9bc94f6f3fe3ab86aa,
benchmark://chstone-v0/adpcm,chstone-v0,A,1,-loop-distribute,1,0.002626671,0,9a271f2a916b0b6ee6cecb2426f0b3206ef074578be55d9bc94f6f3fe3ab86aa,
benchmark://chstone-v0/adpcm,chstone-v0,A,1,-loop-distribute,2,0.002903864,0,9a271f2a916b0b6ee6cecb2426f0b3206ef074578be55d9bc94f6f3fe3ab86aa,
benchmark://chstone-v0/adpcm,chstone-v0,A,1,-indvars,0,0.002000017,0,9a271f2a916b0b6ee6cecb2426f0b3206ef074578be55d9bc94f6f3fe3ab86aa,
benchmark://chstone-v0/adpcm,chstone-v0,A,1,-indvars,1,0.001932157,0,9a271f2a916b0b6ee6cecb2426f0b3206ef074578be55d9bc94f6f3fe3ab86aa,
benchmark://chstone-v0/adpcm,chstone-v0,A,1,-indvars,2,0.001867143,0,9a271f2a916b0b6ee6cecb2426f0b3206ef074578be55d9bc94f6f3fe3ab86aa,
benchmark://chstone-v0/adpcm,chstone-v0,A,2,O0,0,0.003911184,0,9a271f2a916b0b6ee6cecb2426f0b3206ef074578be55d9bc94f6f3fe3ab86aa,
benchmark://chstone-v0/adpcm,chstone-v0,A,2,O0,1,0.002110427,0,9a271f2a916b0b6ee6cecb2426f0b3206ef074578be55d9bc94f6f3fe3ab86aa,
benchmark://chstone-v0/adpcm,chstone-v0,A,2,O0,2,0.001942035,0,9a271f2a916b0b6ee6cecb2426f0b3206ef074578be55d9bc94f6f3fe3ab86aa,
benchmark://chstone-v0/adpcm,chstone-v0,A,2,-licm,0,0.002772864,0,9a271f2a916b0b6ee6cecb2426f0b3206ef074578be55d9bc94f6f3fe3ab86aa,
benchmark://chstone-v0/adpcm,chstone-v0,A,2,-licm,1,0.001978029,0,9a271f2a916b0b6ee6cecb2426f0b3206ef074578be55d9bc94f6f3fe3ab86aa,
benchmark://chstone-v0/adpcm,chstone-v0,A,2,-licm,2,0.001882697,0,9a271f2a916b0b6ee6cecb2426f0b3206ef074578be55d9bc94f6f3fe3ab86aa,
benchmark://chstone-v0/adpcm,chstone-v0,A,2,-loop-rotate,0,0.001903504,0,9a271f2a916b0b6ee6cecb2426f0b3206ef074578be55d9bc94f6f3fe3ab86aa,
benchmark://chstone-v0/adpcm,chstone-v0,A,2,-loop-rotate,1,0.001862803,0,9a271f2a916b0b6ee6cecb2426f0b3206ef074578be55d9bc94f6f3fe3ab86aa,
benchmark://chstone-v0/adpcm,chstone-v0,A,2,-loop-rotate,2,0.001943287,0,9a271f2a916b0b6ee6cecb2426f0b3206ef074578be55d9bc94f6f3fe3ab86aa,
benchmark://chstone-v0/adpcm,chstone-v0,A,2,-loop-unroll,0,0.001961395,0,9a271f2a916b0b6ee6cecb2426f0b3206ef074578be55d9bc94f6f3fe3ab86aa,
benchmark://chstone-v0/adpcm,chstone-v0,A,2,-loop-unroll,1,0.001847764,0,9a271f2a916b0b6ee6cecb2426f0b3206ef074578be55d9bc94f6f3fe3ab86aa,
benchmark://chstone-v0/adpcm,chstone-v0,A,2,-loop-unroll,2,0.002628190,0,9a271f2a916b0b6ee6cecb2426f0b3206ef074578be55d9bc94f6f3fe3ab86aa,
benchmark://chstone-v0/adpcm,chstone-v0,A,2,-loop-vectorize,0,0.001883967,0,9a271f2a916b0b6ee6cecb2426f0b3206ef074578be55d9bc94f6f3fe3ab86aa,
benchmark://chstone-v0/adpcm,chstone-v0,A,2,-loop-vectorize,1,0.002294518,0,9a271f2a916b0b6ee6cecb2426f0b3206ef074578be55d9bc94f6f3fe3ab86aa,
benchmark://chstone-v0/adpcm,chstone-v0,A,2,-loop-vectorize,2,0.001879087,0,9a271f2a916b0b6ee6cecb2426f0b3206ef074578be55d9bc94f6f3fe3ab86aa,
benchmark://chstone-v0/adpcm,chstone-v0,A,2,-loop-deletion,0,0.001907954,0,9a271f2a916b0b6ee6cecb2426f0b3206ef074578be55d9bc94f6f3fe3ab86aa,
benchmark://chstone-v0/adpcm,chstone-v0,A,2,-loop-deletion,1,0.001861706,0,9a271f2a916b0b6ee6cecb2426f0b3206ef074578be55d9bc94f6f3fe3ab86aa,
benchmark://chstone-v0/adpcm,chstone-v0,A,2,-loop-deletion,2,0.001946276,0,9a271f2a916b0b6ee6cecb2426f0b3206ef074578be55d9bc94f6f3fe3ab86aa,
benchmark://chstone-v0/adpcm,chstone-v0,A,2,-loop-unswitch,0,0.001821633,0,9a271f2a916b0b6ee6cecb2426f0b3206ef074578be55d9bc94f6f3fe3ab86aa,
benchmark://chstone-v0/adpcm,chstone-v0,A,2,-loop-unswitch,1,0.001908747,0,9a271f2a916b0b6ee6cecb2426f0b3206ef074578be55d9bc94f6f3fe3ab86aa,
benchmark://chstone-v0/adpcm,chstone-v0,A,2,-loop-unswitch,2,0.001816195,0,9a271f2a916b0b6ee6cecb2426f0b3206ef074578be55d9bc94f6f3fe3ab86aa,
benchmark://chstone-v0/adpcm,chstone-v0,A,2,-loop-distribute,0,0.001915026,0,9a271f2a916b0b6ee6cecb2426f0b3206ef074578be55d9bc94f6f3fe3ab86aa,
benchmark://chstone-v0/adpcm,chstone-v0,A,2,-loop-distribute,1,0.001870476,0,9a271f2a916b0b6ee6cecb2426f0b3206ef074578be55d9bc94f6f3fe3ab86aa,
benchmark://chstone-v0/adpcm,chstone-v0,A,2,-loop-distribute,2,0.001820965,0,9a271f2a916b0b6ee6cecb2426f0b3206ef074578be55d9bc94f6f3fe3ab86aa,
benchmark://chstone-v0/adpcm,chstone-v0,A,2,-indvars,0,0.001966218,0,9a271f2a916b0b6ee6cecb2426f0b3206ef074578be55d9bc94f6f3fe3ab86aa,
benchmark://chstone-v0/adpcm,chstone-v0,A,2,-indvars,1,0.002684919,0,9a271f2a916b0b6ee6cecb2426f0b3206ef074578be55d9bc94f6f3fe3ab86aa,
benchmark://chstone-v0/adpcm,chstone-v0,A,2,-indvars,2,0.002082089,0,9a271f2a916b0b6ee6cecb2426f0b3206ef074578be55d9bc94f6f3fe3ab86aa,
benchmark://chstone-v0/adpcm,chstone-v0,B,1,O0,0,0.002812834,0,9a271f2a916b0b6ee6cecb2426f0b3206ef074578be55d9bc94f6f3fe3ab86aa,
benchmark://chstone-v0/adpcm,chstone-v0,B,1,O0,1,0.001833837,0,9a271f2a916b0b6ee6cecb2426f0b3206ef074578be55d9bc94f6f3fe3ab86aa,
benchmark://chstone-v0/adpcm,chstone-v0,B,1,O0,2,0.002323247,0,9a271f2a916b0b6ee6cecb2426f0b3206ef074578be55d9bc94f6f3fe3ab86aa,
benchmark://chstone-v0/adpcm,chstone-v0,B,1,O0,3,0.002420690,0,9a271f2a916b0b6ee6cecb2426f0b3206ef074578be55d9bc94f6f3fe3ab86aa,
benchmark://chstone-v0/adpcm,chstone-v0,B,1,O0,4,0.001928287,0,9a271f2a916b0b6ee6cecb2426f0b3206ef074578be55d9bc94f6f3fe3ab86aa,
benchmark://chstone-v0/adpcm,chstone-v0,B,1,O0,5,0.002706552,0,9a271f2a916b0b6ee6cecb2426f0b3206ef074578be55d9bc94f6f3fe3ab86aa,
benchmark://chstone-v0/adpcm,chstone-v0,B,1,O0,6,0.001838975,0,9a271f2a916b0b6ee6cecb2426f0b3206ef074578be55d9bc94f6f3fe3ab86aa,
benchmark://chstone-v0/adpcm,chstone-v0,B,1,-licm,0,0.002622765,0,9a271f2a916b0b6ee6cecb2426f0b3206ef074578be55d9bc94f6f3fe3ab86aa,
benchmark://chstone-v0/adpcm,chstone-v0,B,1,-licm,1,0.001862155,0,9a271f2a916b0b6ee6cecb2426f0b3206ef074578be55d9bc94f6f3fe3ab86aa,
benchmark://chstone-v0/adpcm,chstone-v0,B,1,-licm,2,0.002618533,0,9a271f2a916b0b6ee6cecb2426f0b3206ef074578be55d9bc94f6f3fe3ab86aa,
benchmark://chstone-v0/adpcm,chstone-v0,B,1,-licm,3,0.002203239,0,9a271f2a916b0b6ee6cecb2426f0b3206ef074578be55d9bc94f6f3fe3ab86aa,
benchmark://chstone-v0/adpcm,chstone-v0,B,1,-licm,4,0.001822175,0,9a271f2a916b0b6ee6cecb2426f0b3206ef074578be55d9bc94f6f3fe3ab86aa,
benchmark://chstone-v0/adpcm,chstone-v0,B,1,-licm,5,0.001854703,0,9a271f2a916b0b6ee6cecb2426f0b3206ef074578be55d9bc94f6f3fe3ab86aa,
benchmark://chstone-v0/adpcm,chstone-v0,B,1,-licm,6,0.001810465,0,9a271f2a916b0b6ee6cecb2426f0b3206ef074578be55d9bc94f6f3fe3ab86aa,
benchmark://chstone-v0/adpcm,chstone-v0,B,1,-loop-rotate,0,0.002795642,0,9a271f2a916b0b6ee6cecb2426f0b3206ef074578be55d9bc94f6f3fe3ab86aa,
benchmark://chstone-v0/adpcm,chstone-v0,B,1,-loop-rotate,1,0.002636580,0,9a271f2a916b0b6ee6cecb2426f0b3206ef074578be55d9bc94f6f3fe3ab86aa,
benchmark://chstone-v0/adpcm,chstone-v0,B,1,-loop-rotate,2,0.002525572,0,9a271f2a916b0b6ee6cecb2426f0b3206ef074578be55d9bc94f6f3fe3ab86aa,
benchmark://chstone-v0/adpcm,chstone-v0,B,1,-loop-rotate,3,0.002142588,0,9a271f2a916b0b6ee6cecb2426f0b3206ef074578be55d9bc94f6f3fe3ab86aa,
benchmark://chstone-v0/adpcm,chstone-v0,B,1,-loop-rotate,4,0.001817653,0,9a271f2a916b0b6ee6cecb2426f0b3206ef074578be55d9bc94f6f3fe3ab86aa,
benchmark://chstone-v0/adpcm,chstone-v0,B,1,-loop-rotate,5,0.002738703,0,9a271f2a916b0b6ee6cecb2426f0b3206ef074578be55d9bc94f6f3fe3ab86aa,
benchmark://chstone-v0/adpcm,chstone-v0,B,1,-loop-rotate,6,0.001844766,0,9a271f2a916b0b6ee6cecb2426f0b3206ef074578be55d9bc94f6f3fe3ab86aa,
benchmark://chstone-v0/adpcm,chstone-v0,B,1,-loop-unroll,0,0.002179267,0,9a271f2a916b0b6ee6cecb2426f0b3206ef074578be55d9bc94f6f3fe3ab86aa,
benchmark://chstone-v0/adpcm,chstone-v0,B,1,-loop-unroll,1,0.001836136,0,9a271f2a916b0b6ee6cecb2426f0b3206ef074578be55d9bc94f6f3fe3ab86aa,
benchmark://chstone-v0/adpcm,chstone-v0,B,1,-loop-unroll,2,0.002678124,0,9a271f2a916b0b6ee6cecb2426f0b3206ef074578be55d9bc94f6f3fe3ab86aa,
benchmark://chstone-v0/adpcm,chstone-v0,B,1,-loop-unroll,3,0.004243154,0,9a271f2a916b0b6ee6cecb2426f0b3206ef074578be55d9bc94f6f3fe3ab86aa,
benchmark://chstone-v0/adpcm,chstone-v0,B,1,-loop-unroll,4,0.001853155,0,9a271f2a916b0b6ee6cecb2426f0b3206ef074578be55d9bc94f6f3fe3ab86aa,
benchmark://chstone-v0/adpcm,chstone-v0,B,1,-loop-unroll,5,0.001844425,0,9a271f2a916b0b6ee6cecb2426f0b3206ef074578be55d9bc94f6f3fe3ab86aa,
benchmark://chstone-v0/adpcm,chstone-v0,B,1,-loop-unroll,6,0.001917334,0,9a271f2a916b0b6ee6cecb2426f0b3206ef074578be55d9bc94f6f3fe3ab86aa,
benchmark://chstone-v0/adpcm,chstone-v0,B,1,-loop-vectorize,0,0.002539441,0,9a271f2a916b0b6ee6cecb2426f0b3206ef074578be55d9bc94f6f3fe3ab86aa,
benchmark://chstone-v0/adpcm,chstone-v0,B,1,-loop-vectorize,1,0.002754321,0,9a271f2a916b0b6ee6cecb2426f0b3206ef074578be55d9bc94f6f3fe3ab86aa,
benchmark://chstone-v0/adpcm,chstone-v0,B,1,-loop-vectorize,2,0.002049075,0,9a271f2a916b0b6ee6cecb2426f0b3206ef074578be55d9bc94f6f3fe3ab86aa,
benchmark://chstone-v0/adpcm,chstone-v0,B,1,-loop-vectorize,3,0.001887487,0,9a271f2a916b0b6ee6cecb2426f0b3206ef074578be55d9bc94f6f3fe3ab86aa,
benchmark://chstone-v0/adpcm,chstone-v0,B,1,-loop-vectorize,4,0.002005469,0,9a271f2a916b0b6ee6cecb2426f0b3206ef074578be55d9bc94f6f3fe3ab86aa,
benchmark://chstone-v0/adpcm,chstone-v0,B,1,-loop-vectorize,5,0.001844704,0,9a271f2a916b0b6ee6cecb2426f0b3206ef074578be55d9bc94f6f3fe3ab86aa,
benchmark://chstone-v0/adpcm,chstone-v0,B,1,-loop-vectorize,6,0.001819273,0,9a271f2a916b0b6ee6cecb2426f0b3206ef074578be55d9bc94f6f3fe3ab86aa,
benchmark://chstone-v0/adpcm,chstone-v0,B,1,-loop-deletion,0,0.001839256,0,9a271f2a916b0b6ee6cecb2426f0b3206ef074578be55d9bc94f6f3fe3ab86aa,
benchmark://chstone-v0/adpcm,chstone-v0,B,1,-loop-deletion,1,0.001813427,0,9a271f2a916b0b6ee6cecb2426f0b3206ef074578be55d9bc94f6f3fe3ab86aa,
benchmark://chstone-v0/adpcm,chstone-v0,B,1,-loop-deletion,2,0.001735834,0,9a271f2a916b0b6ee6cecb2426f0b3206ef074578be55d9bc94f6f3fe3ab86aa,
benchmark://chstone-v0/adpcm,chstone-v0,B,1,-loop-deletion,3,0.001875773,0,9a271f2a916b0b6ee6cecb2426f0b3206ef074578be55d9bc94f6f3fe3ab86aa,
benchmark://chstone-v0/adpcm,chstone-v0,B,1,-loop-deletion,4,0.001844285,0,9a271f2a916b0b6ee6cecb2426f0b3206ef074578be55d9bc94f6f3fe3ab86aa,
benchmark://chstone-v0/adpcm,chstone-v0,B,1,-loop-deletion,5,0.001838937,0,9a271f2a916b0b6ee6cecb2426f0b3206ef074578be55d9bc94f6f3fe3ab86aa,
benchmark://chstone-v0/adpcm,chstone-v0,B,1,-loop-deletion,6,0.002689295,0,9a271f2a916b0b6ee6cecb2426f0b3206ef074578be55d9bc94f6f3fe3ab86aa,
benchmark://chstone-v0/adpcm,chstone-v0,B,1,-loop-unswitch,0,0.001820005,0,9a271f2a916b0b6ee6cecb2426f0b3206ef074578be55d9bc94f6f3fe3ab86aa,
benchmark://chstone-v0/adpcm,chstone-v0,B,1,-loop-unswitch,1,0.001886176,0,9a271f2a916b0b6ee6cecb2426f0b3206ef074578be55d9bc94f6f3fe3ab86aa,
benchmark://chstone-v0/adpcm,chstone-v0,B,1,-loop-unswitch,2,0.001798525,0,9a271f2a916b0b6ee6cecb2426f0b3206ef074578be55d9bc94f6f3fe3ab86aa,
benchmark://chstone-v0/adpcm,chstone-v0,B,1,-loop-unswitch,3,0.002273686,0,9a271f2a916b0b6ee6cecb2426f0b3206ef074578be55d9bc94f6f3fe3ab86aa,
benchmark://chstone-v0/adpcm,chstone-v0,B,1,-loop-unswitch,4,0.001952115,0,9a271f2a916b0b6ee6cecb2426f0b3206ef074578be55d9bc94f6f3fe3ab86aa,
benchmark://chstone-v0/adpcm,chstone-v0,B,1,-loop-unswitch,5,0.001871826,0,9a271f2a916b0b6ee6cecb2426f0b3206ef074578be55d9bc94f6f3fe3ab86aa,
benchmark://chstone-v0/adpcm,chstone-v0,B,1,-loop-unswitch,6,0.001847195,0,9a271f2a916b0b6ee6cecb2426f0b3206ef074578be55d9bc94f6f3fe3ab86aa,
benchmark://chstone-v0/adpcm,chstone-v0,B,1,-loop-distribute,0,0.001841826,0,9a271f2a916b0b6ee6cecb2426f0b3206ef074578be55d9bc94f6f3fe3ab86aa,
benchmark://chstone-v0/adpcm,chstone-v0,B,1,-loop-distribute,1,0.001824016,0,9a271f2a916b0b6ee6cecb2426f0b3206ef074578be55d9bc94f6f3fe3ab86aa,
benchmark://chstone-v0/adpcm,chstone-v0,B,1,-loop-distribute,2,0.002713585,0,9a271f2a916b0b6ee6cecb2426f0b3206ef074578be55d9bc94f6f3fe3ab86aa,
benchmark://chstone-v0/adpcm,chstone-v0,B,1,-loop-distribute,3,0.001898605,0,9a271f2a916b0b6ee6cecb2426f0b3206ef074578be55d9bc94f6f3fe3ab86aa,
benchmark://chstone-v0/adpcm,chstone-v0,B,1,-loop-distribute,4,0.001930498,0,9a271f2a916b0b6ee6cecb2426f0b3206ef074578be55d9bc94f6f3fe3ab86aa,
benchmark://chstone-v0/adpcm,chstone-v0,B,1,-loop-distribute,5,0.001854815,0,9a271f2a916b0b6ee6cecb2426f0b3206ef074578be55d9bc94f6f3fe3ab86aa,
benchmark://chstone-v0/adpcm,chstone-v0,B,1,-loop-distribute,6,0.001877956,0,9a271f2a916b0b6ee6cecb2426f0b3206ef074578be55d9bc94f6f3fe3ab86aa,
benchmark://chstone-v0/adpcm,chstone-v0,B,1,-indvars,0,0.001960710,0,9a271f2a916b0b6ee6cecb2426f0b3206ef074578be55d9bc94f6f3fe3ab86aa,
benchmark://chstone-v0/adpcm,chstone-v0,B,1,-indvars,1,0.001845963,0,9a271f2a916b0b6ee6cecb2426f0b3206ef074578be55d9bc94f6f3fe3ab86aa,
benchmark://chstone-v0/adpcm,chstone-v0,B,1,-indvars,2,0.001792377,0,9a271f2a916b0b6ee6cecb2426f0b3206ef074578be55d9bc94f6f3fe3ab86aa,
benchmark://chstone-v0/adpcm,chstone-v0,B,1,-indvars,3,0.003191737,0,9a271f2a916b0b6ee6cecb2426f0b3206ef074578be55d9bc94f6f3fe3ab86aa,
benchmark://chstone-v0/adpcm,chstone-v0,B,1,-indvars,4,0.002646370,0,9a271f2a916b0b6ee6cecb2426f0b3206ef074578be55d9bc94f6f3fe3ab86aa,
benchmark://chstone-v0/adpcm,chstone-v0,B,1,-indvars,5,0.002954263,0,9a271f2a916b0b6ee6cecb2426f0b3206ef074578be55d9bc94f6f3fe3ab86aa,
benchmark://chstone-v0/adpcm,chstone-v0,B,1,-indvars,6,0.001952188,0,9a271f2a916b0b6ee6cecb2426f0b3206ef074578be55d9bc94f6f3fe3ab86aa,
benchmark://chstone-v0/adpcm,chstone-v0,B,2,O0,0,0.002424551,0,9a271f2a916b0b6ee6cecb2426f0b3206ef074578be55d9bc94f6f3fe3ab86aa,
benchmark://chstone-v0/adpcm,chstone-v0,B,2,O0,1,0.001880124,0,9a271f2a916b0b6ee6cecb2426f0b3206ef074578be55d9bc94f6f3fe3ab86aa,
benchmark://chstone-v0/adpcm,chstone-v0,B,2,O0,2,0.001833346,0,9a271f2a916b0b6ee6cecb2426f0b3206ef074578be55d9bc94f6f3fe3ab86aa,
benchmark://chstone-v0/adpcm,chstone-v0,B,2,O0,3,0.001850568,0,9a271f2a916b0b6ee6cecb2426f0b3206ef074578be55d9bc94f6f3fe3ab86aa,
benchmark://chstone-v0/adpcm,chstone-v0,B,2,O0,4,0.001883537,0,9a271f2a916b0b6ee6cecb2426f0b3206ef074578be55d9bc94f6f3fe3ab86aa,
benchmark://chstone-v0/adpcm,chstone-v0,B,2,O0,5,0.001876328,0,9a271f2a916b0b6ee6cecb2426f0b3206ef074578be55d9bc94f6f3fe3ab86aa,
benchmark://chstone-v0/adpcm,chstone-v0,B,2,O0,6,0.001797866,0,9a271f2a916b0b6ee6cecb2426f0b3206ef074578be55d9bc94f6f3fe3ab86aa,
benchmark://chstone-v0/adpcm,chstone-v0,B,2,-licm,0,0.002147818,0,9a271f2a916b0b6ee6cecb2426f0b3206ef074578be55d9bc94f6f3fe3ab86aa,
benchmark://chstone-v0/adpcm,chstone-v0,B,2,-licm,1,0.001848396,0,9a271f2a916b0b6ee6cecb2426f0b3206ef074578be55d9bc94f6f3fe3ab86aa,
benchmark://chstone-v0/adpcm,chstone-v0,B,2,-licm,2,0.001803644,0,9a271f2a916b0b6ee6cecb2426f0b3206ef074578be55d9bc94f6f3fe3ab86aa,
benchmark://chstone-v0/adpcm,chstone-v0,B,2,-licm,3,0.002598273,0,9a271f2a916b0b6ee6cecb2426f0b3206ef074578be55d9bc94f6f3fe3ab86aa,
benchmark://chstone-v0/adpcm,chstone-v0,B,2,-licm,4,0.001810586,0,9a271f2a916b0b6ee6cecb2426f0b3206ef074578be55d9bc94f6f3fe3ab86aa,
benchmark://chstone-v0/adpcm,chstone-v0,B,2,-licm,5,0.001816174,0,9a271f2a916b0b6ee6cecb2426f0b3206ef074578be55d9bc94f6f3fe3ab86aa,
benchmark://chstone-v0/adpcm,chstone-v0,B,2,-licm,6,0.001780875,0,9a271f2a916b0b6ee6cecb2426f0b3206ef074578be55d9bc94f6f3fe3ab86aa,
benchmark://chstone-v0/adpcm,chstone-v0,B,2,-loop-rotate,0,0.002774794,0,9a271f2a916b0b6ee6cecb2426f0b3206ef074578be55d9bc94f6f3fe3ab86aa,
benchmark://chstone-v0/adpcm,chstone-v0,B,2,-loop-rotate,1,0.001794726,0,9a271f2a916b0b6ee6cecb2426f0b3206ef074578be55d9bc94f6f3fe3ab86aa,
benchmark://chstone-v0/adpcm,chstone-v0,B,2,-loop-rotate,2,0.002564829,0,9a271f2a916b0b6ee6cecb2426f0b3206ef074578be55d9bc94f6f3fe3ab86aa,
benchmark://chstone-v0/adpcm,chstone-v0,B,2,-loop-rotate,3,0.001786964,0,9a271f2a916b0b6ee6cecb2426f0b3206ef074578be55d9bc94f6f3fe3ab86aa,
benchmark://chstone-v0/adpcm,chstone-v0,B,2,-loop-rotate,4,0.003025303,0,9a271f2a916b0b6ee6cecb2426f0b3206ef074578be55d9bc94f6f3fe3ab86aa,
benchmark://chstone-v0/adpcm,chstone-v0,B,2,-loop-rotate,5,0.003002284,0,9a271f2a916b0b6ee6cecb2426f0b3206ef074578be55d9bc94f6f3fe3ab86aa,
benchmark://chstone-v0/adpcm,chstone-v0,B,2,-loop-rotate,6,0.001789683,0,9a271f2a916b0b6ee6cecb2426f0b3206ef074578be55d9bc94f6f3fe3ab86aa,
benchmark://chstone-v0/adpcm,chstone-v0,B,2,-loop-unroll,0,0.002222108,0,9a271f2a916b0b6ee6cecb2426f0b3206ef074578be55d9bc94f6f3fe3ab86aa,
benchmark://chstone-v0/adpcm,chstone-v0,B,2,-loop-unroll,1,0.001816196,0,9a271f2a916b0b6ee6cecb2426f0b3206ef074578be55d9bc94f6f3fe3ab86aa,
benchmark://chstone-v0/adpcm,chstone-v0,B,2,-loop-unroll,2,0.001854006,0,9a271f2a916b0b6ee6cecb2426f0b3206ef074578be55d9bc94f6f3fe3ab86aa,
benchmark://chstone-v0/adpcm,chstone-v0,B,2,-loop-unroll,3,0.001835866,0,9a271f2a916b0b6ee6cecb2426f0b3206ef074578be55d9bc94f6f3fe3ab86aa,
benchmark://chstone-v0/adpcm,chstone-v0,B,2,-loop-unroll,4,0.001801467,0,9a271f2a916b0b6ee6cecb2426f0b3206ef074578be55d9bc94f6f3fe3ab86aa,
benchmark://chstone-v0/adpcm,chstone-v0,B,2,-loop-unroll,5,0.002114408,0,9a271f2a916b0b6ee6cecb2426f0b3206ef074578be55d9bc94f6f3fe3ab86aa,
benchmark://chstone-v0/adpcm,chstone-v0,B,2,-loop-unroll,6,0.001806185,0,9a271f2a916b0b6ee6cecb2426f0b3206ef074578be55d9bc94f6f3fe3ab86aa,
benchmark://chstone-v0/adpcm,chstone-v0,B,2,-loop-vectorize,0,0.002131348,0,9a271f2a916b0b6ee6cecb2426f0b3206ef074578be55d9bc94f6f3fe3ab86aa,
benchmark://chstone-v0/adpcm,chstone-v0,B,2,-loop-vectorize,1,0.001806006,0,9a271f2a916b0b6ee6cecb2426f0b3206ef074578be55d9bc94f6f3fe3ab86aa,
benchmark://chstone-v0/adpcm,chstone-v0,B,2,-loop-vectorize,2,0.001801595,0,9a271f2a916b0b6ee6cecb2426f0b3206ef074578be55d9bc94f6f3fe3ab86aa,
benchmark://chstone-v0/adpcm,chstone-v0,B,2,-loop-vectorize,3,0.001806764,0,9a271f2a916b0b6ee6cecb2426f0b3206ef074578be55d9bc94f6f3fe3ab86aa,
benchmark://chstone-v0/adpcm,chstone-v0,B,2,-loop-vectorize,4,0.002609873,0,9a271f2a916b0b6ee6cecb2426f0b3206ef074578be55d9bc94f6f3fe3ab86aa,
benchmark://chstone-v0/adpcm,chstone-v0,B,2,-loop-vectorize,5,0.001852486,0,9a271f2a916b0b6ee6cecb2426f0b3206ef074578be55d9bc94f6f3fe3ab86aa,
benchmark://chstone-v0/adpcm,chstone-v0,B,2,-loop-vectorize,6,0.001803985,0,9a271f2a916b0b6ee6cecb2426f0b3206ef074578be55d9bc94f6f3fe3ab86aa,
benchmark://chstone-v0/adpcm,chstone-v0,B,2,-loop-deletion,0,0.001853324,0,9a271f2a916b0b6ee6cecb2426f0b3206ef074578be55d9bc94f6f3fe3ab86aa,
benchmark://chstone-v0/adpcm,chstone-v0,B,2,-loop-deletion,1,0.001815006,0,9a271f2a916b0b6ee6cecb2426f0b3206ef074578be55d9bc94f6f3fe3ab86aa,
benchmark://chstone-v0/adpcm,chstone-v0,B,2,-loop-deletion,2,0.002641652,0,9a271f2a916b0b6ee6cecb2426f0b3206ef074578be55d9bc94f6f3fe3ab86aa,
benchmark://chstone-v0/adpcm,chstone-v0,B,2,-loop-deletion,3,0.002242517,0,9a271f2a916b0b6ee6cecb2426f0b3206ef074578be55d9bc94f6f3fe3ab86aa,
benchmark://chstone-v0/adpcm,chstone-v0,B,2,-loop-deletion,4,0.007494332,0,9a271f2a916b0b6ee6cecb2426f0b3206ef074578be55d9bc94f6f3fe3ab86aa,
benchmark://chstone-v0/adpcm,chstone-v0,B,2,-loop-deletion,5,0.002508100,0,9a271f2a916b0b6ee6cecb2426f0b3206ef074578be55d9bc94f6f3fe3ab86aa,
benchmark://chstone-v0/adpcm,chstone-v0,B,2,-loop-deletion,6,0.001826765,0,9a271f2a916b0b6ee6cecb2426f0b3206ef074578be55d9bc94f6f3fe3ab86aa,
benchmark://chstone-v0/adpcm,chstone-v0,B,2,-loop-unswitch,0,0.001846027,0,9a271f2a916b0b6ee6cecb2426f0b3206ef074578be55d9bc94f6f3fe3ab86aa,
benchmark://chstone-v0/adpcm,chstone-v0,B,2,-loop-unswitch,1,0.001780955,0,9a271f2a916b0b6ee6cecb2426f0b3206ef074578be55d9bc94f6f3fe3ab86aa,
benchmark://chstone-v0/adpcm,chstone-v0,B,2,-loop-unswitch,2,0.001978658,0,9a271f2a916b0b6ee6cecb2426f0b3206ef074578be55d9bc94f6f3fe3ab86aa,
benchmark://chstone-v0/adpcm,chstone-v0,B,2,-loop-unswitch,3,0.001802014,0,9a271f2a916b0b6ee6cecb2426f0b3206ef074578be55d9bc94f6f3fe3ab86aa,
benchmark://chstone-v0/adpcm,chstone-v0,B,2,-loop-unswitch,4,0.001894755,0,9a271f2a916b0b6ee6cecb2426f0b3206ef074578be55d9bc94f6f3fe3ab86aa,
benchmark://chstone-v0/adpcm,chstone-v0,B,2,-loop-unswitch,5,0.001856526,0,9a271f2a916b0b6ee6cecb2426f0b3206ef074578be55d9bc94f6f3fe3ab86aa,
benchmark://chstone-v0/adpcm,chstone-v0,B,2,-loop-unswitch,6,0.001823196,0,9a271f2a916b0b6ee6cecb2426f0b3206ef074578be55d9bc94f6f3fe3ab86aa,
benchmark://chstone-v0/adpcm,chstone-v0,B,2,-loop-distribute,0,0.002634302,0,9a271f2a916b0b6ee6cecb2426f0b3206ef074578be55d9bc94f6f3fe3ab86aa,
benchmark://chstone-v0/adpcm,chstone-v0,B,2,-loop-distribute,1,0.001814356,0,9a271f2a916b0b6ee6cecb2426f0b3206ef074578be55d9bc94f6f3fe3ab86aa,
benchmark://chstone-v0/adpcm,chstone-v0,B,2,-loop-distribute,2,0.002094528,0,9a271f2a916b0b6ee6cecb2426f0b3206ef074578be55d9bc94f6f3fe3ab86aa,
benchmark://chstone-v0/adpcm,chstone-v0,B,2,-loop-distribute,3,0.001849245,0,9a271f2a916b0b6ee6cecb2426f0b3206ef074578be55d9bc94f6f3fe3ab86aa,
benchmark://chstone-v0/adpcm,chstone-v0,B,2,-loop-distribute,4,0.001814645,0,9a271f2a916b0b6ee6cecb2426f0b3206ef074578be55d9bc94f6f3fe3ab86aa,
benchmark://chstone-v0/adpcm,chstone-v0,B,2,-loop-distribute,5,0.002623321,0,9a271f2a916b0b6ee6cecb2426f0b3206ef074578be55d9bc94f6f3fe3ab86aa,
benchmark://chstone-v0/adpcm,chstone-v0,B,2,-loop-distribute,6,0.001825247,0,9a271f2a916b0b6ee6cecb2426f0b3206ef074578be55d9bc94f6f3fe3ab86aa,
benchmark://chstone-v0/adpcm,chstone-v0,B,2,-indvars,0,0.002636893,0,9a271f2a916b0b6ee6cecb2426f0b3206ef074578be55d9bc94f6f3fe3ab86aa,
benchmark://chstone-v0/adpcm,chstone-v0,B,2,-indvars,1,0.002625339,0,9a271f2a916b0b6ee6cecb2426f0b3206ef074578be55d9bc94f6f3fe3ab86aa,
benchmark://chstone-v0/adpcm,chstone-v0,B,2,-indvars,2,0.001911005,0,9a271f2a916b0b6ee6cecb2426f0b3206ef074578be55d9bc94f6f3fe3ab86aa,
benchmark://chstone-v0/adpcm,chstone-v0,B,2,-indvars,3,0.001858475,0,9a271f2a916b0b6ee6cecb2426f0b3206ef074578be55d9bc94f6f3fe3ab86aa,
benchmark://chstone-v0/adpcm,chstone-v0,B,2,-indvars,4,0.001841377,0,9a271f2a916b0b6ee6cecb2426f0b3206ef074578be55d9bc94f6f3fe3ab86aa,
benchmark://chstone-v0/adpcm,chstone-v0,B,2,-indvars,5,0.001804683,0,9a271f2a916b0b6ee6cecb2426f0b3206ef074578be55d9bc94f6f3fe3ab86aa,
benchmark://chstone-v0/adpcm,chstone-v0,B,2,-indvars,6,0.001887586,0,9a271f2a916b0b6ee6cecb2426f0b3206ef074578be55d9bc94f6f3fe3ab86aa,
benchmark://chstone-v0/mips,chstone-v0,A,1,O0,0,0.002892815,0,9a271f2a916b0b6ee6cecb2426f0b3206ef074578be55d9bc94f6f3fe3ab86aa,
benchmark://chstone-v0/mips,chstone-v0,A,1,O0,1,0.002417391,0,9a271f2a916b0b6ee6cecb2426f0b3206ef074578be55d9bc94f6f3fe3ab86aa,
benchmark://chstone-v0/mips,chstone-v0,A,1,O0,2,0.001891226,0,9a271f2a916b0b6ee6cecb2426f0b3206ef074578be55d9bc94f6f3fe3ab86aa,
benchmark://chstone-v0/mips,chstone-v0,A,1,-licm,0,0.001839306,0,9a271f2a916b0b6ee6cecb2426f0b3206ef074578be55d9bc94f6f3fe3ab86aa,
benchmark://chstone-v0/mips,chstone-v0,A,1,-licm,1,0.002044667,0,9a271f2a916b0b6ee6cecb2426f0b3206ef074578be55d9bc94f6f3fe3ab86aa,
benchmark://chstone-v0/mips,chstone-v0,A,1,-licm,2,0.002054416,0,9a271f2a916b0b6ee6cecb2426f0b3206ef074578be55d9bc94f6f3fe3ab86aa,
benchmark://chstone-v0/mips,chstone-v0,A,1,-loop-rotate,0,0.001889376,0,9a271f2a916b0b6ee6cecb2426f0b3206ef074578be55d9bc94f6f3fe3ab86aa,
benchmark://chstone-v0/mips,chstone-v0,A,1,-loop-rotate,1,0.002737194,0,9a271f2a916b0b6ee6cecb2426f0b3206ef074578be55d9bc94f6f3fe3ab86aa,
benchmark://chstone-v0/mips,chstone-v0,A,1,-loop-rotate,2,0.002596911,0,9a271f2a916b0b6ee6cecb2426f0b3206ef074578be55d9bc94f6f3fe3ab86aa,
benchmark://chstone-v0/mips,chstone-v0,A,1,-loop-unroll,0,0.002112405,0,9a271f2a916b0b6ee6cecb2426f0b3206ef074578be55d9bc94f6f3fe3ab86aa,
benchmark://chstone-v0/mips,chstone-v0,A,1,-loop-unroll,1,0.002168017,0,9a271f2a916b0b6ee6cecb2426f0b3206ef074578be55d9bc94f6f3fe3ab86aa,
benchmark://chstone-v0/mips,chstone-v0,A,1,-loop-unroll,2,0.002006328,0,9a271f2a916b0b6ee6cecb2426f0b3206ef074578be55d9bc94f6f3fe3ab86aa,
benchmark://chstone-v0/mips,chstone-v0,A,1,-loop-vectorize,0,0.002032738,0,9a271f2a916b0b6ee6cecb2426f0b3206ef074578be55d9bc94f6f3fe3ab86aa,
benchmark://chstone-v0/mips,chstone-v0,A,1,-loop-vectorize,1,0.002014408,0,9a271f2a916b0b6ee6cecb2426f0b3206ef074578be55d9bc94f6f3fe3ab86aa,
benchmark://chstone-v0/mips,chstone-v0,A,1,-loop-vectorize,2,0.001830084,0,9a271f2a916b0b6ee6cecb2426f0b3206ef074578be55d9bc94f6f3fe3ab86aa,
benchmark://chstone-v0/mips,chstone-v0,A,1,-loop-deletion,0,0.001829244,0,9a271f2a916b0b6ee6cecb2426f0b3206ef074578be55d9bc94f6f3fe3ab86aa,
benchmark://chstone-v0/mips,chstone-v0,A,1,-loop-deletion,1,0.001806235,0,9a271f2a916b0b6ee6cecb2426f0b3206ef074578be55d9bc94f6f3fe3ab86aa,
benchmark://chstone-v0/mips,chstone-v0,A,1,-loop-deletion,2,0.001886563,0,9a271f2a916b0b6ee6cecb2426f0b3206ef074578be55d9bc94f6f3fe3ab86aa,
benchmark://chstone-v0/mips,chstone-v0,A,1,-loop-unswitch,0,0.001843205,0,9a271f2a916b0b6ee6cecb2426f0b3206ef074578be55d9bc94f6f3fe3ab86aa,
benchmark://chstone-v0/mips,chstone-v0,A,1,-loop-unswitch,1,0.002054008,0,9a271f2a916b0b6ee6cecb2426f0b3206ef074578be55d9bc94f6f3fe3ab86aa,
benchmark://chstone-v0/mips,chstone-v0,A,1,-loop-unswitch,2,0.001952235,0,9a271f2a916b0b6ee6cecb2426f0b3206ef074578be55d9bc94f6f3fe3ab86aa,
benchmark://chstone-v0/mips,chstone-v0,A,1,-loop-distribute,0,0.002062818,0,9a271f2a916b0b6ee6cecb2426f0b3206ef074578be55d9bc94f6f3fe3ab86aa,
benchmark://chstone-v0/mips,chstone-v0,A,1,-loop-distribute,1,0.002742885,0,9a271f2a916b0b6ee6cecb2426f0b3206ef074578be55d9bc94f6f3fe3ab86aa,
benchmark://chstone-v0/mips,chstone-v0,A,1,-loop-distribute,2,0.001966655,0,9a271f2a916b0b6ee6cecb2426f0b3206ef074578be55d9bc94f6f3fe3ab86aa,
benchmark://chstone-v0/mips,chstone-v0,A,1,-indvars,0,0.001819005,0,9a271f2a916b0b6ee6cecb2426f0b3206ef074578be55d9bc94f6f3fe3ab86aa,
benchmark://chstone-v0/mips,chstone-v0,A,1,-indvars,1,0.001937136,0,9a271f2a916b0b6ee6cecb2426f0b3206ef074578be55d9bc94f6f3fe3ab86aa,
benchmark://chstone-v0/mips,chstone-v0,A,1,-indvars,2,0.002193740,0,9a271f2a916b0b6ee6cecb2426f0b3206ef074578be55d9bc94f6f3fe3ab86aa,
benchmark://chstone-v0/mips,chstone-v0,A,2,O0,0,0.006068813,0,9a271f2a916b0b6ee6cecb2426f0b3206ef074578be55d9bc94f6f3fe3ab86aa,
benchmark://chstone-v0/mips,chstone-v0,A,2,O0,1,0.001897736,0,9a271f2a916b0b6ee6cecb2426f0b3206ef074578be55d9bc94f6f3fe3ab86aa,
benchmark://chstone-v0/mips,chstone-v0,A,2,O0,2,0.002620639,0,9a271f2a916b0b6ee6cecb2426f0b3206ef074578be55d9bc94f6f3fe3ab86aa,
benchmark://chstone-v0/mips,chstone-v0,A,2,-licm,0,0.001819083,0,9a271f2a916b0b6ee6cecb2426f0b3206ef074578be55d9bc94f6f3fe3ab86aa,
benchmark://chstone-v0/mips,chstone-v0,A,2,-licm,1,0.001822613,0,9a271f2a916b0b6ee6cecb2426f0b3206ef074578be55d9bc94f6f3fe3ab86aa,
benchmark://chstone-v0/mips,chstone-v0,A,2,-licm,2,0.001828507,0,9a271f2a916b0b6ee6cecb2426f0b3206ef074578be55d9bc94f6f3fe3ab86aa,
benchmark://chstone-v0/mips,chstone-v0,A,2,-loop-rotate,0,0.002781352,0,9a271f2a916b0b6ee6cecb2426f0b3206ef074578be55d9bc94f6f3fe3ab86aa,
benchmark://chstone-v0/mips,chstone-v0,A,2,-loop-rotate,1,0.001917737,0,9a271f2a916b0b6ee6cecb2426f0b3206ef074578be55d9bc94f6f3fe3ab86aa,
benchmark://chstone-v0/mips,chstone-v0,A,2,-loop-rotate,2,0.002461530,0,9a271f2a916b0b6ee6cecb2426f0b3206ef074578be55d9bc94f6f3fe3ab86aa,
benchmark://chstone-v0/mips,chstone-v0,A,2,-loop-unroll,0,0.002547780,0,9a271f2a916b0b6ee6cecb2426f0b3206ef074578be55d9bc94f6f3fe3ab86aa,
benchmark://chstone-v0/mips,chstone-v0,A,2,-loop-unroll,1,0.001847424,0,9a271f2a916b0b6ee6cecb2426f0b3206ef074578be55d9bc94f6f3fe3ab86aa,
benchmark://chstone-v0/mips,chstone-v0,A,2,-loop-unroll,2,0.001829876,0,9a271f2a916b0b6ee6cecb2426f0b3206ef074578be55d9bc94f6f3fe3ab86aa,
benchmark://chstone-v0/mips,chstone-v0,A,2,-loop-vectorize,0,0.002588829,0,9a271f2a916b0b6ee6cecb2426f0b3206ef074578be55d9bc94f6f3fe3ab86aa,
benchmark://chstone-v0/mips,chstone-v0,A,2,-loop-vectorize,1,0.001800835,0,9a271f2a916b0b6ee6cecb2426f0b3206ef074578be55d9bc94f6f3fe3ab86aa,
benchmark://chstone-v0/mips,chstone-v0,A,2,-loop-vectorize,2,0.001860196,0,9a271f2a916b0b6ee6cecb2426f0b3206ef074578be55d9bc94f6f3fe3ab86aa,
benchmark://chstone-v0/mips,chstone-v0,A,2,-loop-deletion,0,0.002174398,0,9a271f2a916b0b6ee6cecb2426f0b3206ef074578be55d9bc94f6f3fe3ab86aa,
benchmark://chstone-v0/mips,chstone-v0,A,2,-loop-deletion,1,0.002041008,0,9a271f2a916b0b6ee6cecb2426f0b3206ef074578be55d9bc94f6f3fe3ab86aa,
benchmark://chstone-v0/mips,chstone-v0,A,2,-loop-deletion,2,0.002100648,0,9a271f2a916b0b6ee6cecb2426f0b3206ef074578be55d9bc94f6f3fe3ab86aa,
benchmark://chstone-v0/mips,chstone-v0,A,2,-loop-unswitch,0,0.001846263,0,9a271f2a916b0b6ee6cecb2426f0b3206ef074578be55d9bc94f6f3fe3ab86aa,
benchmark://chstone-v0/mips,chstone-v0,A,2,-loop-unswitch,1,0.001901686,0,9a271f2a916b0b6ee6cecb2426f0b3206ef074578be55d9bc94f6f3fe3ab86aa,
benchmark://chstone-v0/mips,chstone-v0,A,2,-loop-unswitch,2,0.002303947,0,9a271f2a916b0b6ee6cecb2426f0b3206ef074578be55d9bc94f6f3fe3ab86aa,
benchmark://chstone-v0/mips,chstone-v0,A,2,-loop-distribute,0,0.002770003,0,9a271f2a916b0b6ee6cecb2426f0b3206ef074578be55d9bc94f6f3fe3ab86aa,
benchmark://chstone-v0/mips,chstone-v0,A,2,-loop-distribute,1,0.002109285,0,9a271f2a916b0b6ee6cecb2426f0b3206ef074578be55d9bc94f6f3fe3ab86aa,
benchmark://chstone-v0/mips,chstone-v0,A,2,-loop-distribute,2,0.005267551,0,9a271f2a916b0b6ee6cecb2426f0b3206ef074578be55d9bc94f6f3fe3ab86aa,
benchmark://chstone-v0/mips,chstone-v0,A,2,-indvars,0,0.002838276,0,9a271f2a916b0b6ee6cecb2426f0b3206ef074578be55d9bc94f6f3fe3ab86aa,
benchmark://chstone-v0/mips,chstone-v0,A,2,-indvars,1,0.003888140,0,9a271f2a916b0b6ee6cecb2426f0b3206ef074578be55d9bc94f6f3fe3ab86aa,
benchmark://chstone-v0/mips,chstone-v0,A,2,-indvars,2,0.002244331,0,9a271f2a916b0b6ee6cecb2426f0b3206ef074578be55d9bc94f6f3fe3ab86aa,
benchmark://chstone-v0/mips,chstone-v0,B,1,O0,0,0.001828523,0,9a271f2a916b0b6ee6cecb2426f0b3206ef074578be55d9bc94f6f3fe3ab86aa,
benchmark://chstone-v0/mips,chstone-v0,B,1,O0,1,0.001882873,0,9a271f2a916b0b6ee6cecb2426f0b3206ef074578be55d9bc94f6f3fe3ab86aa,
benchmark://chstone-v0/mips,chstone-v0,B,1,O0,2,0.001806943,0,9a271f2a916b0b6ee6cecb2426f0b3206ef074578be55d9bc94f6f3fe3ab86aa,
benchmark://chstone-v0/mips,chstone-v0,B,1,O0,3,0.001786605,0,9a271f2a916b0b6ee6cecb2426f0b3206ef074578be55d9bc94f6f3fe3ab86aa,
benchmark://chstone-v0/mips,chstone-v0,B,1,O0,4,0.002569901,0,9a271f2a916b0b6ee6cecb2426f0b3206ef074578be55d9bc94f6f3fe3ab86aa,
benchmark://chstone-v0/mips,chstone-v0,B,1,O0,5,0.002141507,0,9a271f2a916b0b6ee6cecb2426f0b3206ef074578be55d9bc94f6f3fe3ab86aa,
benchmark://chstone-v0/mips,chstone-v0,B,1,O0,6,0.003224647,0,9a271f2a916b0b6ee6cecb2426f0b3206ef074578be55d9bc94f6f3fe3ab86aa,
benchmark://chstone-v0/mips,chstone-v0,B,1,-licm,0,0.001793053,0,9a271f2a916b0b6ee6cecb2426f0b3206ef074578be55d9bc94f6f3fe3ab86aa,
benchmark://chstone-v0/mips,chstone-v0,B,1,-licm,1,0.001798034,0,9a271f2a916b0b6ee6cecb2426f0b3206ef074578be55d9bc94f6f3fe3ab86aa,
benchmark://chstone-v0/mips,chstone-v0,B,1,-licm,2,0.001803696,0,9a271f2a916b0b6ee6cecb2426f0b3206ef074578be55d9bc94f6f3fe3ab86aa,
benchmark://chstone-v0/mips,chstone-v0,B,1,-licm,3,0.001793025,0,9a271f2a916b0b6ee6cecb2426f0b3206ef074578be55d9bc94f6f3fe3ab86aa,
benchmark://chstone-v0/mips,chstone-v0,B,1,-licm,4,0.002896514,0,9a271f2a916b0b6ee6cecb2426f0b3206ef074578be55d9bc94f6f3fe3ab86aa,
benchmark://chstone-v0/mips,chstone-v0,B,1,-licm,5,0.002687752,0,9a271f2a916b0b6ee6cecb2426f0b3206ef074578be55d9bc94f6f3fe3ab86aa,
benchmark://chstone-v0/mips,chstone-v0,B,1,-licm,6,0.002723154,0,9a271f2a916b0b6ee6cecb2426f0b3206ef074578be55d9bc94f6f3fe3ab86aa,
benchmark://chstone-v0/mips,chstone-v0,B,1,-loop-rotate,0,0.001901267,0,9a271f2a916b0b6ee6cecb2426f0b3206ef074578be55d9bc94f6f3fe3ab86aa,
benchmark://chstone-v0/mips,chstone-v0,B,1,-loop-rotate,1,0.001840016,0,9a271f2a916b0b6ee6cecb2426f0b3206ef074578be55d9bc94f6f3fe3ab86aa,
benchmark://chstone-v0/mips,chstone-v0,B,1,-loop-rotate,2,0.001845697,0,9a271f2a916b0b6ee6cecb2426f0b3206ef074578be55d9bc94f6f3fe3ab86aa,
benchmark://chstone-v0/mips,chstone-v0,B,1,-loop-rotate,3,0.001989165,0,9a271f2a916b0b6ee6cecb2426f0b3206ef074578be55d9bc94f6f3fe3ab86aa,
benchmark://chstone-v0/mips,chstone-v0,B,1,-loop-rotate,4,0.002018444,0,9a271f2a916b0b6ee6cecb2426f0b3206ef074578be55d9bc94f6f3fe3ab86aa,
benchmark://chstone-v0/mips,chstone-v0,B,1,-loop-rotate,5,0.001987515,0,9a271f2a916b0b6ee6cecb2426f0b3206ef074578be55d9bc94f6f3fe3ab86aa,
benchmark://chstone-v0/mips,chstone-v0,B,1,-loop-rotate,6,0.002080027,0,9a271f2a916b0b6ee6cecb2426f0b3206ef074578be55d9bc94f6f3fe3ab86aa,
benchmark://chstone-v0/mips,chstone-v0,B,1,-loop-unroll,0,0.001825416,0,9a271f2a916b0b6ee6cecb2426f0b3206ef074578be55d9bc94f6f3fe3ab86aa,
benchmark://chstone-v0/mips,chstone-v0,B,1,-loop-unroll,1,0.002097297,0,9a271f2a916b0b6ee6cecb2426f0b3206ef074578be55d9bc94f6f3fe3ab86aa,
benchmark://chstone-v0/mips,chstone-v0,B,1,-loop-unroll,2,0.001927326,0,9a271f2a916b0b6ee6cecb2426f0b3206ef074578be55d9bc94f6f3fe3ab86aa,
benchmark://chstone-v0/mips,chstone-v0,B,1,-loop-unroll,3,0.001814963,0,9a271f2a916b0b6ee6cecb2426f0b3206ef074578be55d9bc94f6f3fe3ab86aa,
benchmark://chstone-v0/mips,chstone-v0,B,1,-loop-unroll,4,0.002206938,0,9a271f2a916b0b6ee6cecb2426f0b3206ef074578be55d9bc94f6f3fe3ab86aa,
benchmark://chstone-v0/mips,chstone-v0,B,1,-loop-unroll,5,0.001995178,0,9a271f2a916b0b6ee6cecb2426f0b3206ef074578be55d9bc94f6f3fe3ab86aa,
benchmark://chstone-v0/mips,chstone-v0,B,1,-loop-unroll,6,0.002179628,0,9a271f2a916b0b6ee6cecb2426f0b3206ef074578be55d9bc94f6f3fe3ab86aa,
benchmark://chstone-v0/mips,chstone-v0,B,1,-loop-vectorize,0,0.001819743,0,9a271f2a916b0b6ee6cecb2426f0b3206ef074578be55d9bc94f6f3fe3ab86aa,
benchmark://chstone-v0/mips,chstone-v0,B,1,-loop-vectorize,1,0.002551150,0,9a271f2a916b0b6ee6cecb2426f0b3206ef074578be55d9bc94f6f3fe3ab86aa,
benchmark://chstone-v0/mips,chstone-v0,B,1,-loop-vectorize,2,0.001831466,0,9a271f2a916b0b6ee6cecb2426f0b3206ef074578be55d9bc94f6f3fe3ab86aa,
benchmark://chstone-v0/mips,chstone-v0,B,1,-loop-vectorize,3,0.001774592,0,9a271f2a916b0b6ee6cecb2426f0b3206ef074578be55d9bc94f6f3fe3ab86aa,
benchmark://chstone-v0/mips,chstone-v0,B,1,-loop-vectorize,4,0.001817135,0,9a271f2a916b0b6ee6cecb2426f0b3206ef074578be55d9bc94f6f3fe3ab86aa,
benchmark://chstone-v0/mips,chstone-v0,B,1,-loop-vectorize,5,0.001976026,0,9a271f2a916b0b6ee6cecb2426f0b3206ef074578be55d9bc94f6f3fe3ab86aa,
benchmark://chstone-v0/mips,chstone-v0,B,1,-loop-vectorize,6,0.002038116,0,9a271f2a916b0b6ee6cecb2426f0b3206ef074578be55d9bc94f6f3fe3ab86aa,
benchmark://chstone-v0/mips,chstone-v0,B,1,-loop-deletion,0,0.001888147,0,9a271f2a916b0b6ee6cecb2426f0b3206ef074578be55d9bc94f6f3fe3ab86aa,
benchmark://chstone-v0/mips,chstone-v0,B,1,-loop-deletion,1,0.001803786,0,9a271f2a916b0b6ee6cecb2426f0b3206ef074578be55d9bc94f6f3fe3ab86aa,
benchmark://chstone-v0/mips,chstone-v0,B,1,-loop-deletion,2,0.001845745,0,9a271f2a916b0b6ee6cecb2426f0b3206ef074578be55d9bc94f6f3fe3ab86aa,
benchmark://chstone-v0/mips,chstone-v0,B,1,-loop-deletion,3,0.004818341,0,9a271f2a916b0b6ee6cecb2426f0b3206ef074578be55d9bc94f6f3fe3ab86aa,
benchmark://chstone-v0/mips,chstone-v0,B,1,-loop-deletion,4,0.001776163,0,9a271f2a916b0b6ee6cecb2426f0b3206ef074578be55d9bc94f6f3fe3ab86aa,
benchmark://chstone-v0/mips,chstone-v0,B,1,-loop-deletion,5,0.002335949,0,9a271f2a916b0b6ee6cecb2426f0b3206ef074578be55d9bc94f6f3fe3ab86aa,
benchmark://chstone-v0/mips,chstone-v0,B,1,-loop-deletion,6,0.002007037,0,9a271f2a916b0b6ee6cecb2426f0b3206ef074578be55d9bc94f6f3fe3ab86aa,
benchmark://chstone-v0/mips,chstone-v0,B,1,-loop-unswitch,0,0.001956105,0,9a271f2a916b0b6ee6cecb2426f0b3206ef074578be55d9bc94f6f3fe3ab86aa,
benchmark://chstone-v0/mips,chstone-v0,B,1,-loop-unswitch,1,0.001881735,0,9a271f2a916b0b6ee6cecb2426f0b3206ef074578be55d9bc94f6f3fe3ab86aa,
benchmark://chstone-v0/mips,chstone-v0,B,1,-loop-unswitch,2,0.001808705,0,9a271f2a916b0b6ee6cecb2426f0b3206ef074578be55d9bc94f6f3fe3ab86aa,
benchmark://chstone-v0/mips,chstone-v0,B,1,-loop-unswitch,3,0.002781853,0,9a271f2a916b0b6ee6cecb2426f0b3206ef074578be55d9bc94f6f3fe3ab86aa,
benchmark://chstone-v0/mips,chstone-v0,B,1,-loop-unswitch,4,0.001833364,0,9a271f2a916b0b6ee6cecb2426f0b3206ef074578be55d9bc94f6f3fe3ab86aa,
benchmark://chstone-v0/mips,chstone-v0,B,1,-loop-unswitch,5,0.002011936,0,9a271f2a916b0b6ee6cecb2426f0b3206ef074578be55d9bc94f6f3fe3ab86aa,
benchmark://chstone-v0/mips,chstone-v0,B,1,-loop-unswitch,6,0.001954518,0,9a271f2a916b0b6ee6cecb2426f0b3206ef074578be55d9bc94f6f3fe3ab86aa,
benchmark://chstone-v0/mips,chstone-v0,B,1,-loop-distribute,0,0.001814475,0,9a271f2a916b0b6ee6cecb2426f0b3206ef074578be55d9bc94f6f3fe3ab86aa,
benchmark://chstone-v0/mips,chstone-v0,B,1,-loop-distribute,1,0.001933996,0,9a271f2a916b0b6ee6cecb2426f0b3206ef074578be55d9bc94f6f3fe3ab86aa,
benchmark://chstone-v0/mips,chstone-v0,B,1,-loop-distribute,2,0.001800086,0,9a271f2a916b0b6ee6cecb2426f0b3206ef074578be55d9bc94f6f3fe3ab86aa,
benchmark://chstone-v0/mips,chstone-v0,B,1,-loop-distribute,3,0.001880396,0,9a271f2a916b0b6ee6cecb2426f0b3206ef074578be55d9bc94f6f3fe3ab86aa,
benchmark://chstone-v0/mips,chstone-v0,B,1,-loop-distribute,4,0.001847146,0,9a271f2a916b0b6ee6cecb2426f0b3206ef074578be55d9bc94f6f3fe3ab86aa,
benchmark://chstone-v0/mips,chstone-v0,B,1,-loop-distribute,5,0.001987608,0,9a271f2a916b0b6ee6cecb2426f0b3206ef074578be55d9bc94f6f3fe3ab86aa,
benchmark://chstone-v0/mips,chstone-v0,B,1,-loop-distribute,6,0.002783822,0,9a271f2a916b0b6ee6cecb2426f0b3206ef074578be55d9bc94f6f3fe3ab86aa,
benchmark://chstone-v0/mips,chstone-v0,B,1,-indvars,0,0.001865065,0,9a271f2a916b0b6ee6cecb2426f0b3206ef074578be55d9bc94f6f3fe3ab86aa,
benchmark://chstone-v0/mips,chstone-v0,B,1,-indvars,1,0.001799116,0,9a271f2a916b0b6ee6cecb2426f0b3206ef074578be55d9bc94f6f3fe3ab86aa,
benchmark://chstone-v0/mips,chstone-v0,B,1,-indvars,2,0.001811335,0,9a271f2a916b0b6ee6cecb2426f0b3206ef074578be55d9bc94f6f3fe3ab86aa,
benchmark://chstone-v0/mips,chstone-v0,B,1,-indvars,3,0.001790907,0,9a271f2a916b0b6ee6cecb2426f0b3206ef074578be55d9bc94f6f3fe3ab86aa,
benchmark://chstone-v0/mips,chstone-v0,B,1,-indvars,4,0.001848644,0,9a271f2a916b0b6ee6cecb2426f0b3206ef074578be55d9bc94f6f3fe3ab86aa,
benchmark://chstone-v0/mips,chstone-v0,B,1,-indvars,5,0.002833761,0,9a271f2a916b0b6ee6cecb2426f0b3206ef074578be55d9bc94f6f3fe3ab86aa,
benchmark://chstone-v0/mips,chstone-v0,B,1,-indvars,6,0.002667110,0,9a271f2a916b0b6ee6cecb2426f0b3206ef074578be55d9bc94f6f3fe3ab86aa,
benchmark://chstone-v0/mips,chstone-v0,B,2,O0,0,0.001810744,0,9a271f2a916b0b6ee6cecb2426f0b3206ef074578be55d9bc94f6f3fe3ab86aa,
benchmark://chstone-v0/mips,chstone-v0,B,2,O0,1,0.002684699,0,9a271f2a916b0b6ee6cecb2426f0b3206ef074578be55d9bc94f6f3fe3ab86aa,
benchmark://chstone-v0/mips,chstone-v0,B,2,O0,2,0.001844836,0,9a271f2a916b0b6ee6cecb2426f0b3206ef074578be55d9bc94f6f3fe3ab86aa,
benchmark://chstone-v0/mips,chstone-v0,B,2,O0,3,0.001861235,0,9a271f2a916b0b6ee6cecb2426f0b3206ef074578be55d9bc94f6f3fe3ab86aa,
benchmark://chstone-v0/mips,chstone-v0,B,2,O0,4,0.001806326,0,9a271f2a916b0b6ee6cecb2426f0b3206ef074578be55d9bc94f6f3fe3ab86aa,
benchmark://chstone-v0/mips,chstone-v0,B,2,O0,5,0.002175096,0,9a271f2a916b0b6ee6cecb2426f0b3206ef074578be55d9bc94f6f3fe3ab86aa,
benchmark://chstone-v0/mips,chstone-v0,B,2,O0,6,0.001798335,0,9a271f2a916b0b6ee6cecb2426f0b3206ef074578be55d9bc94f6f3fe3ab86aa,
benchmark://chstone-v0/mips,chstone-v0,B,2,-licm,0,0.001842923,0,9a271f2a916b0b6ee6cecb2426f0b3206ef074578be55d9bc94f6f3fe3ab86aa,
benchmark://chstone-v0/mips,chstone-v0,B,2,-licm,1,0.001939608,0,9a271f2a916b0b6ee6cecb2426f0b3206ef074578be55d9bc94f6f3fe3ab86aa,
benchmark://chstone-v0/mips,chstone-v0,B,2,-licm,2,0.002184378,0,9a271f2a916b0b6ee6cecb2426f0b3206ef074578be55d9bc94f6f3fe3ab86aa,
benchmark://chstone-v0/mips,chstone-v0,B,2,-licm,3,0.001857596,0,9a271f2a916b0b6ee6cecb2426f0b3206ef074578be55d9bc94f6f3fe3ab86aa,
benchmark://chstone-v0/mips,chstone-v0,B,2,-licm,4,0.001926078,0,9a271f2a916b0b6ee6cecb2426f0b3206ef074578be55d9bc94f6f3fe3ab86aa,
benchmark://chstone-v0/mips,chstone-v0,B,2,-licm,5,0.001797184,0,9a271f2a916b0b6ee6cecb2426f0b3206ef074578be55d9bc94f6f3fe3ab86aa,
benchmark://chstone-v0/mips,chstone-v0,B,2,-licm,6,0.001802946,0,9a271f2a916b0b6ee6cecb2426f0b3206ef074578be55d9bc94f6f3fe3ab86aa,
benchmark://chstone-v0/mips,chstone-v0,B,2,-loop-rotate,0,0.001833957,0,9a271f2a916b0b6ee6cecb2426f0b3206ef074578be55d9bc94f6f3fe3ab86aa,
benchmark://chstone-v0/mips,chstone-v0,B,2,-loop-rotate,1,0.002363060,0,9a271f2a916b0b6ee6cecb2426f0b3206ef074578be55d9bc94f6f3fe3ab86aa,
benchmark://chstone-v0/mips,chstone-v0,B,2,-loop-rotate,2,0.002511412,0,9a271f2a916b0b6ee6cecb2426f0b3206ef074578be55d9bc94f6f3fe3ab86aa,
benchmark://chstone-v0/mips,chstone-v0,B,2,-loop-rotate,3,0.001949236,0,9a271f2a916b0b6ee6cecb2426f0b3206ef074578be55d9bc94f6f3fe3ab86aa,
benchmark://chstone-v0/mips,chstone-v0,B,2,-loop-rotate,4,0.002001716,0,9a271f2a916b0b6ee6cecb2426f0b3206ef074578be55d9bc94f6f3fe3ab86aa,
benchmark://chstone-v0/mips,chstone-v0,B,2,-loop-rotate,5,0.001852585,0,9a271f2a916b0b6ee6cecb2426f0b3206ef074578be55d9bc94f6f3fe3ab86aa,
benchmark://chstone-v0/mips,chstone-v0,B,2,-loop-rotate,6,0.002664993,0,9a271f2a916b0b6ee6cecb2426f0b3206ef074578be55d9bc94f6f3fe3ab86aa,
benchmark://chstone-v0/mips,chstone-v0,B,2,-loop-unroll,0,0.001861347,0,9a271f2a916b0b6ee6cecb2426f0b3206ef074578be55d9bc94f6f3fe3ab86aa,
benchmark://chstone-v0/mips,chstone-v0,B,2,-loop-unroll,1,0.003053403,0,9a271f2a916b0b6ee6cecb2426f0b3206ef074578be55d9bc94f6f3fe3ab86aa,
benchmark://chstone-v0/mips,chstone-v0,B,2,-loop-unroll,2,0.001814494,0,9a271f2a916b0b6ee6cecb2426f0b3206ef074578be55d9bc94f6f3fe3ab86aa,
benchmark://chstone-v0/mips,chstone-v0,B,2,-loop-unroll,3,0.002041535,0,9a271f2a916b0b6ee6cecb2426f0b3206ef074578be55d9bc94f6f3fe3ab86aa,
benchmark://chstone-v0/mips,chstone-v0,B,2,-loop-unroll,4,0.002929514,0,9a271f2a916b0b6ee6cecb2426f0b3206ef074578be55d9bc94f6f3fe3ab86aa,
benchmark://chstone-v0/mips,chstone-v0,B,2,-loop-unroll,5,0.001855584,0,9a271f2a916b0b6ee6cecb2426f0b3206ef074578be55d9bc94f6f3fe3ab86aa,
benchmark://chstone-v0/mips,chstone-v0,B,2,-loop-unroll,6,0.002616672,0,9a271f2a916b0b6ee6cecb2426f0b3206ef074578be55d9bc94f6f3fe3ab86aa,
benchmark://chstone-v0/mips,chstone-v0,B,2,-loop-vectorize,0,0.001866568,0,9a271f2a916b0b6ee6cecb2426f0b3206ef074578be55d9bc94f6f3fe3ab86aa,
benchmark://chstone-v0/mips,chstone-v0,B,2,-loop-vectorize,1,0.002024617,0,9a271f2a916b0b6ee6cecb2426f0b3206ef074578be55d9bc94f6f3fe3ab86aa,
benchmark://chstone-v0/mips,chstone-v0,B,2,-loop-vectorize,2,0.001894217,0,9a271f2a916b0b6ee6cecb2426f0b3206ef074578be55d9bc94f6f3fe3ab86aa,
benchmark://chstone-v0/mips,chstone-v0,B,2,-loop-vectorize,3,0.002032183,0,9a271f2a916b0b6ee6cecb2426f0b3206ef074578be55d9bc94f6f3fe3ab86aa,
benchmark://chstone-v0/mips,chstone-v0,B,2,-loop-vectorize,4,0.001922237,0,9a271f2a916b0b6ee6cecb2426f0b3206ef074578be55d9bc94f6f3fe3ab86aa,
benchmark://chstone-v0/mips,chstone-v0,B,2,-loop-vectorize,5,0.001979316,0,9a271f2a916b0b6ee6cecb2426f0b3206ef074578be55d9bc94f6f3fe3ab86aa,
benchmark://chstone-v0/mips,chstone-v0,B,2,-loop-vectorize,6,0.002511661,0,9a271f2a916b0b6ee6cecb2426f0b3206ef074578be55d9bc94f6f3fe3ab86aa,
benchmark://chstone-v0/mips,chstone-v0,B,2,-loop-deletion,0,0.001817787,0,9a271f2a916b0b6ee6cecb2426f0b3206ef074578be55d9bc94f6f3fe3ab86aa,
benchmark://chstone-v0/mips,chstone-v0,B,2,-loop-deletion,1,0.002627751,0,9a271f2a916b0b6ee6cecb2426f0b3206ef074578be55d9bc94f6f3fe3ab86aa,
benchmark://chstone-v0/mips,chstone-v0,B,2,-loop-deletion,2,0.002607292,0,9a271f2a916b0b6ee6cecb2426f0b3206ef074578be55d9bc94f6f3fe3ab86aa,
benchmark://chstone-v0/mips,chstone-v0,B,2,-loop-deletion,3,0.001915904,0,9a271f2a916b0b6ee6cecb2426f0b3206ef074578be55d9bc94f6f3fe3ab86aa,
benchmark://chstone-v0/mips,chstone-v0,B,2,-loop-deletion,4,0.001860924,0,9a271f2a916b0b6ee6cecb2426f0b3206ef074578be55d9bc94f6f3fe3ab86aa,
benchmark://chstone-v0/mips,chstone-v0,B,2,-loop-deletion,5,0.002698464,0,9a271f2a916b0b6ee6cecb2426f0b3206ef074578be55d9bc94f6f3fe3ab86aa,
benchmark://chstone-v0/mips,chstone-v0,B,2,-loop-deletion,6,0.001806013,0,9a271f2a916b0b6ee6cecb2426f0b3206ef074578be55d9bc94f6f3fe3ab86aa,
benchmark://chstone-v0/mips,chstone-v0,B,2,-loop-unswitch,0,0.001795303,0,9a271f2a916b0b6ee6cecb2426f0b3206ef074578be55d9bc94f6f3fe3ab86aa,
benchmark://chstone-v0/mips,chstone-v0,B,2,-loop-unswitch,1,0.001892947,0,9a271f2a916b0b6ee6cecb2426f0b3206ef074578be55d9bc94f6f3fe3ab86aa,
benchmark://chstone-v0/mips,chstone-v0,B,2,-loop-unswitch,2,0.002565689,0,9a271f2a916b0b6ee6cecb2426f0b3206ef074578be55d9bc94f6f3fe3ab86aa,
benchmark://chstone-v0/mips,chstone-v0,B,2,-loop-unswitch,3,0.001863696,0,9a271f2a916b0b6ee6cecb2426f0b3206ef074578be55d9bc94f6f3fe3ab86aa,
benchmark://chstone-v0/mips,chstone-v0,B,2,-loop-unswitch,4,0.001789343,0,9a271f2a916b0b6ee6cecb2426f0b3206ef074578be55d9bc94f6f3fe3ab86aa,
benchmark://chstone-v0/mips,chstone-v0,B,2,-loop-unswitch,5,0.002637740,0,9a271f2a916b0b6ee6cecb2426f0b3206ef074578be55d9bc94f6f3fe3ab86aa,
benchmark://chstone-v0/mips,chstone-v0,B,2,-loop-unswitch,6,0.001859125,0,9a271f2a916b0b6ee6cecb2426f0b3206ef074578be55d9bc94f6f3fe3ab86aa,
benchmark://chstone-v0/mips,chstone-v0,B,2,-loop-distribute,0,0.001806878,0,9a271f2a916b0b6ee6cecb2426f0b3206ef074578be55d9bc94f6f3fe3ab86aa,
benchmark://chstone-v0/mips,chstone-v0,B,2,-loop-distribute,1,0.001810184,0,9a271f2a916b0b6ee6cecb2426f0b3206ef074578be55d9bc94f6f3fe3ab86aa,
benchmark://chstone-v0/mips,chstone-v0,B,2,-loop-distribute,2,0.001857417,0,9a271f2a916b0b6ee6cecb2426f0b3206ef074578be55d9bc94f6f3fe3ab86aa,
benchmark://chstone-v0/mips,chstone-v0,B,2,-loop-distribute,3,0.001946025,0,9a271f2a916b0b6ee6cecb2426f0b3206ef074578be55d9bc94f6f3fe3ab86aa,
benchmark://chstone-v0/mips,chstone-v0,B,2,-loop-distribute,4,0.001796665,0,9a271f2a916b0b6ee6cecb2426f0b3206ef074578be55d9bc94f6f3fe3ab86aa,
benchmark://chstone-v0/mips,chstone-v0,B,2,-loop-distribute,5,0.001806533,0,9a271f2a916b0b6ee6cecb2426f0b3206ef074578be55d9bc94f6f3fe3ab86aa,
benchmark://chstone-v0/mips,chstone-v0,B,2,-loop-distribute,6,0.001920497,0,9a271f2a916b0b6ee6cecb2426f0b3206ef074578be55d9bc94f6f3fe3ab86aa,
benchmark://chstone-v0/mips,chstone-v0,B,2,-indvars,0,0.001857586,0,9a271f2a916b0b6ee6cecb2426f0b3206ef074578be55d9bc94f6f3fe3ab86aa,
benchmark://chstone-v0/mips,chstone-v0,B,2,-indvars,1,0.002012918,0,9a271f2a916b0b6ee6cecb2426f0b3206ef074578be55d9bc94f6f3fe3ab86aa,
benchmark://chstone-v0/mips,chstone-v0,B,2,-indvars,2,0.001991756,0,9a271f2a916b0b6ee6cecb2426f0b3206ef074578be55d9bc94f6f3fe3ab86aa,
benchmark://chstone-v0/mips,chstone-v0,B,2,-indvars,3,0.002597453,0,9a271f2a916b0b6ee6cecb2426f0b3206ef074578be55d9bc94f6f3fe3ab86aa,
benchmark://chstone-v0/mips,chstone-v0,B,2,-indvars,4,0.002834104,0,9a271f2a916b0b6ee6cecb2426f0b3206ef074578be55d9bc94f6f3fe3ab86aa,
benchmark://chstone-v0/mips,chstone-v0,B,2,-indvars,5,0.002657073,0,9a271f2a916b0b6ee6cecb2426f0b3206ef074578be55d9bc94f6f3fe3ab86aa,
benchmark://chstone-v0/mips,chstone-v0,B,2,-indvars,6,0.001853377,0,9a271f2a916b0b6ee6cecb2426f0b3206ef074578be55d9bc94f6f3fe3ab86aa,
generator://csmith-v0/4,csmith-v0,A,1,O0,0,0.003712520,0,a61d5eb03fb0515485581cc9d63b5f9660b6f064f028931bd336b66f9bab2e02,
generator://csmith-v0/4,csmith-v0,A,1,O0,1,0.002677901,0,a61d5eb03fb0515485581cc9d63b5f9660b6f064f028931bd336b66f9bab2e02,
generator://csmith-v0/4,csmith-v0,A,1,O0,2,0.002184547,0,a61d5eb03fb0515485581cc9d63b5f9660b6f064f028931bd336b66f9bab2e02,
generator://csmith-v0/4,csmith-v0,A,1,-licm,0,0.002024496,0,a61d5eb03fb0515485581cc9d63b5f9660b6f064f028931bd336b66f9bab2e02,
generator://csmith-v0/4,csmith-v0,A,1,-licm,1,0.002058398,0,a61d5eb03fb0515485581cc9d63b5f9660b6f064f028931bd336b66f9bab2e02,
generator://csmith-v0/4,csmith-v0,A,1,-licm,2,0.002102761,0,a61d5eb03fb0515485581cc9d63b5f9660b6f064f028931bd336b66f9bab2e02,
generator://csmith-v0/4,csmith-v0,A,1,-loop-rotate,0,0.002183139,0,a61d5eb03fb0515485581cc9d63b5f9660b6f064f028931bd336b66f9bab2e02,
generator://csmith-v0/4,csmith-v0,A,1,-loop-rotate,1,0.002147617,0,a61d5eb03fb0515485581cc9d63b5f9660b6f064f028931bd336b66f9bab2e02,
generator://csmith-v0/4,csmith-v0,A,1,-loop-rotate,2,0.002144868,0,a61d5eb03fb0515485581cc9d63b5f9660b6f064f028931bd336b66f9bab2e02,
generator://csmith-v0/4,csmith-v0,A,1,-loop-unroll,0,0.002121607,0,a61d5eb03fb0515485581cc9d63b5f9660b6f064f028931bd336b66f9bab2e02,
generator://csmith-v0/4,csmith-v0,A,1,-loop-unroll,1,0.002338590,0,a61d5eb03fb0515485581cc9d63b5f9660b6f064f028931bd336b66f9bab2e02,
generator://csmith-v0/4,csmith-v0,A,1,-loop-unroll,2,0.002090316,0,a61d5eb03fb0515485581cc9d63b5f9660b6f064f028931bd336b66f9bab2e02,
generator://csmith-v0/4,csmith-v0,A,1,-loop-vectorize,0,0.001968488,0,a61d5eb03fb0515485581cc9d63b5f9660b6f064f028931bd336b66f9bab2e02,
generator://csmith-v0/4,csmith-v0,A,1,-loop-vectorize,1,0.002236960,0,a61d5eb03fb0515485581cc9d63b5f9660b6f064f028931bd336b66f9bab2e02,
generator://csmith-v0/4,csmith-v0,A,1,-loop-vectorize,2,0.002286669,0,a61d5eb03fb0515485581cc9d63b5f9660b6f064f028931bd336b66f9bab2e02,
generator://csmith-v0/4,csmith-v0,A,1,-loop-deletion,0,0.002140496,0,a61d5eb03fb0515485581cc9d63b5f9660b6f064f028931bd336b66f9bab2e02,
generator://csmith-v0/4,csmith-v0,A,1,-loop-deletion,1,0.002722824,0,a61d5eb03fb0515485581cc9d63b5f9660b6f064f028931bd336b66f9bab2e02,
generator://csmith-v0/4,csmith-v0,A,1,-loop-deletion,2,0.003402168,0,a61d5eb03fb0515485581cc9d63b5f9660b6f064f028931bd336b66f9bab2e02,
generator://csmith-v0/4,csmith-v0,A,1,-loop-unswitch,0,0.002536353,0,a61d5eb03fb0515485581cc9d63b5f9660b6f064f028931bd336b66f9bab2e02,
generator://csmith-v0/4,csmith-v0,A,1,-loop-unswitch,1,0.001984408,0,a61d5eb03fb0515485581cc9d63b5f9660b6f064f028931bd336b66f9bab2e02,
generator://csmith-v0/4,csmith-v0,A,1,-loop-unswitch,2,0.002135098,0,a61d5eb03fb0515485581cc9d63b5f9660b6f064f028931bd336b66f9bab2e02,
generator://csmith-v0/4,csmith-v0,A,1,-loop-distribute,0,0.002749842,0,a61d5eb03fb0515485581cc9d63b5f9660b6f064f028931bd336b66f9bab2e02,
generator://csmith-v0/4,csmith-v0,A,1,-loop-distribute,1,0.002325177,0,a61d5eb03fb0515485581cc9d63b5f9660b6f064f028931bd336b66f9bab2e02,
generator://csmith-v0/4,csmith-v0,A,1,-loop-distribute,2,0.002261620,0,a61d5eb03fb0515485581cc9d63b5f9660b6f064f028931bd336b66f9bab2e02,
generator://csmith-v0/4,csmith-v0,A,1,-indvars,0,0.002101228,0,a61d5eb03fb0515485581cc9d63b5f9660b6f064f028931bd336b66f9bab2e02,
generator://csmith-v0/4,csmith-v0,A,1,-indvars,1,0.002032379,0,a61d5eb03fb0515485581cc9d63b5f9660b6f064f028931bd336b66f9bab2e02,
generator://csmith-v0/4,csmith-v0,A,1,-indvars,2,0.002069997,0,a61d5eb03fb0515485581cc9d63b5f9660b6f064f028931bd336b66f9bab2e02,
generator://csmith-v0/4,csmith-v0,A,2,O0,0,0.002473330,0,a61d5eb03fb0515485581cc9d63b5f9660b6f064f028931bd336b66f9bab2e02,
generator://csmith-v0/4,csmith-v0,A,2,O0,1,0.003032753,0,a61d5eb03fb0515485581cc9d63b5f9660b6f064f028931bd336b66f9bab2e02,
generator://csmith-v0/4,csmith-v0,A,2,O0,2,0.002029825,0,a61d5eb03fb0515485581cc9d63b5f9660b6f064f028931bd336b66f9bab2e02,
generator://csmith-v0/4,csmith-v0,A,2,-licm,0,0.002636082,0,a61d5eb03fb0515485581cc9d63b5f9660b6f064f028931bd336b66f9bab2e02,
generator://csmith-v0/4,csmith-v0,A,2,-licm,1,0.002022875,0,a61d5eb03fb0515485581cc9d63b5f9660b6f064f028931bd336b66f9bab2e02,
generator://csmith-v0/4,csmith-v0,A,2,-licm,2,0.001844384,0,a61d5eb03fb0515485581cc9d63b5f9660b6f064f028931bd336b66f9bab2e02,
generator://csmith-v0/4,csmith-v0,A,2,-loop-rotate,0,0.002241280,0,a61d5eb03fb0515485581cc9d63b5f9660b6f064f028931bd336b66f9bab2e02,
generator://csmith-v0/4,csmith-v0,A,2,-loop-rotate,1,0.001988625,0,a61d5eb03fb0515485581cc9d63b5f9660b6f064f028931bd336b66f9bab2e02,
generator://csmith-v0/4,csmith-v0,A,2,-loop-rotate,2,0.002018087,0,a61d5eb03fb0515485581cc9d63b5f9660b6f064f028931bd336b66f9bab2e02,
generator://csmith-v0/4,csmith-v0,A,2,-loop-unroll,0,0.002046168,0,a61d5eb03fb0515485581cc9d63b5f9660b6f064f028931bd336b66f9bab2e02,
generator://csmith-v0/4,csmith-v0,A,2,-loop-unroll,1,0.002065048,0,a61d5eb03fb0515485581cc9d63b5f9660b6f064f028931bd336b66f9bab2e02,
generator://csmith-v0/4,csmith-v0,A,2,-loop-unroll,2,0.002686972,0,a61d5eb03fb0515485581cc9d63b5f9660b6f064f028931bd336b66f9bab2e02,
generator://csmith-v0/4,csmith-v0,A,2,-loop-vectorize,0,0.002983216,0,a61d5eb03fb0515485581cc9d63b5f9660b6f064f028931bd336b66f9bab2e02,
generator://csmith-v0/4,csmith-v0,A,2,-loop-vectorize,1,0.002020685,0,a61d5eb03fb0515485581cc9d63b5f9660b6f064f028931bd336b66f9bab2e02,
generator://csmith-v0/4,csmith-v0,A,2,-loop-vectorize,2,0.002863692,0,a61d5eb03fb0515485581cc9d63b5f9660b6f064f028931bd336b66f9bab2e02,
generator://csmith-v0/4,csmith-v0,A,2,-loop-deletion,0,0.002985613,0,a61d5eb03fb0515485581cc9d63b5f9660b6f064f028931bd336b66f9bab2e02,
generator://csmith-v0/4,csmith-v0,A,2,-loop-deletion,1,0.002872424,0,a61d5eb03fb0515485581cc9d63b5f9660b6f064f028931bd336b66f9bab2e02,
generator://csmith-v0/4,csmith-v0,A,2,-loop-deletion,2,0.002004424,0,a61d5eb03fb0515485581cc9d63b5f9660b6f064f028931bd336b66f9bab2e02,
generator://csmith-v0/4,csmith-v0,A,2,-loop-unswitch,0,0.001962906,0,a61d5eb03fb0515485581cc9d63b5f9660b6f064f028931bd336b66f9bab2e02,
generator://csmith-v0/4,csmith-v0,A,2,-loop-unswitch,1,0.001981866,0,a61d5eb03fb0515485581cc9d63b5f9660b6f064f028931bd336b66f9bab2e02,
generator://csmith-v0/4,csmith-v0,A,2,-loop-unswitch,2,0.002224479,0,a61d5eb03fb0515485581cc9d63b5f9660b6f064f028931bd336b66f9bab2e02,
generator://csmith-v0/4,csmith-v0,A,2,-loop-distribute,0,0.002546642,0,a61d5eb03fb0515485581cc9d63b5f9660b6f064f028931bd336b66f9bab2e02,
generator://csmith-v0/4,csmith-v0,A,2,-loop-distribute,1,0.002080468,0,a61d5eb03fb0515485581cc9d63b5f9660b6f064f028931bd336b66f9bab2e02,
generator://csmith-v0/4,csmith-v0,A,2,-loop-distribute,2,0.002499931,0,a61d5eb03fb0515485581cc9d63b5f9660b6f064f028931bd336b66f9bab2e02,
generator://csmith-v0/4,csmith-v0,A,2,-indvars,0,0.002071077,0,a61d5eb03fb0515485581cc9d63b5f9660b6f064f028931bd336b66f9bab2e02,
generator://csmith-v0/4,csmith-v0,A,2,-indvars,1,0.002074875,0,a61d5eb03fb0515485581cc9d63b5f9660b6f064f028931bd336b66f9bab2e02,
generator://csmith-v0/4,csmith-v0,A,2,-indvars,2,0.002977176,0,a61d5eb03fb0515485581cc9d63b5f9660b6f064f028931bd336b66f9bab2e02,
generator://csmith-v0/4,csmith-v0,B,1,O0,0,0.001992010,0,a61d5eb03fb0515485581cc9d63b5f9660b6f064f028931bd336b66f9bab2e02,
generator://csmith-v0/4,csmith-v0,B,1,O0,1,0.002075095,0,a61d5eb03fb0515485581cc9d63b5f9660b6f064f028931bd336b66f9bab2e02,
generator://csmith-v0/4,csmith-v0,B,1,O0,2,0.002609722,0,a61d5eb03fb0515485581cc9d63b5f9660b6f064f028931bd336b66f9bab2e02,
generator://csmith-v0/4,csmith-v0,B,1,O0,3,0.001985205,0,a61d5eb03fb0515485581cc9d63b5f9660b6f064f028931bd336b66f9bab2e02,
generator://csmith-v0/4,csmith-v0,B,1,O0,4,0.002004905,0,a61d5eb03fb0515485581cc9d63b5f9660b6f064f028931bd336b66f9bab2e02,
generator://csmith-v0/4,csmith-v0,B,1,-licm,0,0.001996368,0,a61d5eb03fb0515485581cc9d63b5f9660b6f064f028931bd336b66f9bab2e02,
generator://csmith-v0/4,csmith-v0,B,1,-licm,1,0.002068967,0,a61d5eb03fb0515485581cc9d63b5f9660b6f064f028931bd336b66f9bab2e02,
generator://csmith-v0/4,csmith-v0,B,1,-licm,2,0.002638683,0,a61d5eb03fb0515485581cc9d63b5f9660b6f064f028931bd336b66f9bab2e02,
generator://csmith-v0/4,csmith-v0,B,1,-licm,3,0.001950685,0,a61d5eb03fb0515485581cc9d63b5f9660b6f064f028931bd336b66f9bab2e02,
generator://csmith-v0/4,csmith-v0,B,1,-licm,4,0.002182389,0,a61d5eb03fb0515485581cc9d63b5f9660b6f064f028931bd336b66f9bab2e02,
generator://csmith-v0/4,csmith-v0,B,1,-loop-rotate,0,0.002384810,0,a61d5eb03fb0515485581cc9d63b5f9660b6f064f028931bd336b66f9bab2e02,
generator://csmith-v0/4,csmith-v0,B,1,-loop-rotate,1,0.002074018,0,a61d5eb03fb0515485581cc9d63b5f9660b6f064f028931bd336b66f9bab2e02,
generator://csmith-v0/4,csmith-v0,B,1,-loop-rotate,2,0.002053808,0,a61d5eb03fb0515485581cc9d63b5f9660b6f064f028931bd336b66f9bab2e02,
generator://csmith-v0/4,csmith-v0,B,1,-loop-rotate,3,0.001965337,0,a61d5eb03fb0515485581cc9d63b5f9660b6f064f028931bd336b66f9bab2e02,
generator://csmith-v0/4,csmith-v0,B,1,-loop-rotate,4,0.001998309,0,a61d5eb03fb0515485581cc9d63b5f9660b6f064f028931bd336b66f9bab2e02,
generator://csmith-v0/4,csmith-v0,B,1,-loop-unroll,0,0.002000926,0,a61d5eb03fb0515485581cc9d63b5f9660b6f064f028931bd336b66f9bab2e02,
generator://csmith-v0/4,csmith-v0,B,1,-loop-unroll,1,0.003169917,0,a61d5eb03fb0515485581cc9d63b5f9660b6f064f028931bd336b66f9bab2e02,
generator://csmith-v0/4,csmith-v0,B,1,-loop-unroll,2,0.002116516,0,a61d5eb03fb0515485581cc9d63b5f9660b6f064f028931bd336b66f9bab2e02,
generator://csmith-v0/4,csmith-v0,B,1,-loop-unroll,3,0.002769003,0,a61d5eb03fb0515485581cc9d63b5f9660b6f064f028931bd336b66f9bab2e02,
generator://csmith-v0/4,csmith-v0,B,1,-loop-unroll,4,0.002145126,0,a61d5eb03fb0515485581cc9d63b5f9660b6f064f028931bd336b66f9bab2e02,
generator://csmith-v0/4,csmith-v0,B,1,-loop-vectorize,0,0.002065929,0,a61d5eb03fb0515485581cc9d63b5f9660b6f064f028931bd336b66f9bab2e02,
generator://csmith-v0/4,csmith-v0,B,1,-loop-vectorize,1,0.002176397,0,a61d5eb03fb0515485581cc9d63b5f9660b6f064f028931bd336b66f9bab2e02,
generator://csmith-v0/4,csmith-v0,B,1,-loop-vectorize,2,0.002073886,0,a61d5eb03fb0515485581cc9d63b5f9660b6f064f028931bd336b66f9bab2e02,
generator://csmith-v0/4,csmith-v0,B,1,-loop-vectorize,3,0.002778994,0,a61d5eb03fb0515485581cc9d63b5f9660b6f064f028931bd336b66f9bab2e02,
generator://csmith-v0/4,csmith-v0,B,1,-loop-vectorize,4,0.002022108,0,a61d5eb03fb0515485581cc9d63b5f9660b6f064f028931bd336b66f9bab2e02,
generator://csmith-v0/4,csmith-v0,B,1,-loop-deletion,0,0.002114946,0,a61d5eb03fb0515485581cc9d63b5f9660b6f064f028931bd336b66f9bab2e02,
generator://csmith-v0/4,csmith-v0,B,1,-loop-deletion,1,0.002187148,0,a61d5eb03fb0515485581cc9d63b5f9660b6f064f028931bd336b66f9bab2e02,
generator://csmith-v0/4,csmith-v0,B,1,-loop-deletion,2,0.002114438,0,a61d5eb03fb0515485581cc9d63b5f9660b6f064f028931bd336b66f9bab2e02,
generator://csmith-v0/4,csmith-v0,B,1,-loop-deletion,3,0.002482640,0,a61d5eb03fb0515485581cc9d63b5f9660b6f064f028931bd336b66f9bab2e02,
generator://csmith-v0/4,csmith-v0,B,1,-loop-deletion,4,0.001981016,0,a61d5eb03fb0515485581cc9d63b5f9660b6f064f028931bd336b66f9bab2e02,
generator://csmith-v0/4,csmith-v0,B,1,-loop-unswitch,0,0.002080236,0,a61d5eb03fb0515485581cc9d63b5f9660b6f064f028931bd336b66f9bab2e02,
generator://csmith-v0/4,csmith-v0,B,1,-loop-unswitch,1,0.002044227,0,a61d5eb03fb0515485581cc9d63b5f9660b6f064f028931bd336b66f9bab2e02,
generator://csmith-v0/4,csmith-v0,B,1,-loop-unswitch,2,0.003031606,0,a61d5eb03fb0515485581cc9d63b5f9660b6f064f028931bd336b66f9bab2e02,
generator://csmith-v0/4,csmith-v0,B,1,-loop-unswitch,3,0.002806293,0,a61d5eb03fb0515485581cc9d63b5f9660b6f064f028931bd336b66f9bab2e02,
generator://csmith-v0/4,csmith-v0,B,1,-loop-unswitch,4,0.001981897,0,a61d5eb03fb0515485581cc9d63b5f9660b6f064f028931bd336b66f9bab2e02,
generator://csmith-v0/4,csmith-v0,B,1,-loop-distribute,0,0.001976047,0,a61d5eb03fb0515485581cc9d63b5f9660b6f064f028931bd336b66f9bab2e02,
generator://csmith-v0/4,csmith-v0,B,1,-loop-distribute,1,0.002126595,0,a61d5eb03fb0515485581cc9d63b5f9660b6f064f028931bd336b66f9bab2e02,
generator://csmith-v0/4,csmith-v0,B,1,-loop-distribute,2,0.002370432,0,a61d5eb03fb0515485581cc9d63b5f9660b6f064f028931bd336b66f9bab2e02,
generator://csmith-v0/4,csmith-v0,B,1,-loop-distribute,3,0.002045106,0,a61d5eb03fb0515485581cc9d63b5f9660b6f064f028931bd336b66f9bab2e02,
generator://csmith-v0/4,csmith-v0,B,1,-loop-distribute,4,0.002693895,0,a61d5eb03fb0515485581cc9d63b5f9660b6f064f028931bd336b66f9bab2e02,
generator://csmith-v0/4,csmith-v0,B,1,-indvars,0,0.002923852,0,a61d5eb03fb0515485581cc9d63b5f9660b6f064f028931bd336b66f9bab2e02,
generator://csmith-v0/4,csmith-v0,B,1,-indvars,1,0.002174469,0,a61d5eb03fb0515485581cc9d63b5f9660b6f064f028931bd336b66f9bab2e02,
generator://csmith-v0/4,csmith-v0,B,1,-indvars,2,0.002309239,0,a61d5eb03fb0515485581cc9d63b5f9660b6f064f028931bd336b66f9bab2e02,
generator://csmith-v0/4,csmith-v0,B,1,-indvars,3,0.002011968,0,a61d5eb03fb0515485581cc9d63b5f9660b6f064f028931bd336b66f9bab2e02,
generator://csmith-v0/4,csmith-v0,B,1,-indvars,4,0.002045339,0,a61d5eb03fb0515485581cc9d63b5f9660b6f064f028931bd336b66f9bab2e02,
generator://csmith-v0/4,csmith-v0,B,2,O0,0,0.001989337,0,a61d5eb03fb0515485581cc9d63b5f9660b6f064f028931bd336b66f9bab2e02,
generator://csmith-v0/4,csmith-v0,B,2,O0,1,0.002056578,0,a61d5eb03fb0515485581cc9d63b5f9660b6f064f028931bd336b66f9bab2e02,
generator://csmith-v0/4,csmith-v0,B,2,O0,2,0.002018927,0,a61d5eb03fb0515485581cc9d63b5f9660b6f064f028931bd336b66f9bab2e02,
generator://csmith-v0/4,csmith-v0,B,2,O0,3,0.002062207,0,a61d5eb03fb0515485581cc9d63b5f9660b6f064f028931bd336b66f9bab2e02,
generator://csmith-v0/4,csmith-v0,B,2,O0,4,0.002028545,0,a61d5eb03fb0515485581cc9d63b5f9660b6f064f028931bd336b66f9bab2e02,
generator://csmith-v0/4,csmith-v0,B,2,-licm,0,0.001960477,0,a61d5eb03fb0515485581cc9d63b5f9660b6f064f028931bd336b66f9bab2e02,
generator://csmith-v0/4,csmith-v0,B,2,-licm,1,0.002080636,0,a61d5eb03fb0515485581cc9d63b5f9660b6f064f028931bd336b66f9bab2e02,
generator://csmith-v0/4,csmith-v0,B,2,-licm,2,0.002043899,0,a61d5eb03fb0515485581cc9d63b5f9660b6f064f028931bd336b66f9bab2e02,
generator://csmith-v0/4,csmith-v0,B,2,-licm,3,0.001947129,0,a61d5eb03fb0515485581cc9d63b5f9660b6f064f028931bd336b66f9bab2e02,
generator://csmith-v0/4,csmith-v0,B,2,-licm,4,0.001980364,0,a61d5eb03fb0515485581cc9d63b5f9660b6f064f028931bd336b66f9bab2e02,
generator://csmith-v0/4,csmith-v0,B,2,-loop-rotate,0,0.002920674,0,a61d5eb03fb0515485581cc9d63b5f9660b6f064f028931bd336b66f9bab2e02,
generator://csmith-v0/4,csmith-v0,B,2,-loop-rotate,1,0.002052855,0,a61d5eb03fb0515485581cc9d63b5f9660b6f064f028931bd336b66f9bab2e02,
generator://csmith-v0/4,csmith-v0,B,2,-loop-rotate,2,0.001963858,0,a61d5eb03fb0515485581cc9d63b5f9660b6f064f028931bd336b66f9bab2e02,
generator://csmith-v0/4,csmith-v0,B,2,-loop-rotate,3,0.001998026,0,a61d5eb03fb0515485581cc9d63b5f9660b6f064f028931bd336b66f9bab2e02,
generator://csmith-v0/4,csmith-v0,B,2,-loop-rotate,4,0.002138827,0,a61d5eb03fb0515485581cc9d63b5f9660b6f064f028931bd336b66f9bab2e02,
generator://csmith-v0/4,csmith-v0,B,2,-loop-unroll,0,0.002245398,0,a61d5eb03fb0515485581cc9d63b5f9660b6f064f028931bd336b66f9bab2e02,
generator://csmith-v0/4,csmith-v0,B,2,-loop-unroll,1,0.001968306,0,a61d5eb03fb0515485581cc9d63b5f9660b6f064f028931bd336b66f9bab2e02,
generator://csmith-v0/4,csmith-v0,B,2,-loop-unroll,2,0.001944046,0,a61d5eb03fb0515485581cc9d63b5f9660b6f064f028931bd336b66f9bab2e02,
generator://csmith-v0/4,csmith-v0,B,2,-loop-unroll,3,0.001954095,0,a61d5eb03fb0515485581cc9d63b5f9660b6f064f028931bd336b66f9bab2e02,
generator://csmith-v0/4,csmith-v0,B,2,-loop-unroll,4,0.002013156,0,a61d5eb03fb0515485581cc9d63b5f9660b6f064f028931bd336b66f9bab2e02,
generator://csmith-v0/4,csmith-v0,B,2,-loop-vectorize,0,0.001951305,0,a61d5eb03fb0515485581cc9d63b5f9660b6f064f028931bd336b66f9bab2e02,
generator://csmith-v0/4,csmith-v0,B,2,-loop-vectorize,1,0.002020046,0,a61d5eb03fb0515485581cc9d63b5f9660b6f064f028931bd336b66f9bab2e02,
generator://csmith-v0/4,csmith-v0,B,2,-loop-vectorize,2,0.002594952,0,a61d5eb03fb0515485581cc9d63b5f9660b6f064f028931bd336b66f9bab2e02,
generator://csmith-v0/4,csmith-v0,B,2,-loop-vectorize,3,0.002787376,0,a61d5eb03fb0515485581cc9d63b5f9660b6f064f028931bd336b66f9bab2e02,
generator://csmith-v0/4,csmith-v0,B,2,-loop-vectorize,4,0.001957476,0,a61d5eb03fb0515485581cc9d63b5f9660b6f064f028931bd336b66f9bab2e02,
generator://csmith-v0/4,csmith-v0,B,2,-loop-deletion,0,0.002736852,0,a61d5eb03fb0515485581cc9d63b5f9660b6f064f028931bd336b66f9bab2e02,
generator://csmith-v0/4,csmith-v0,B,2,-loop-deletion,1,0.002018508,0,a61d5eb03fb0515485581cc9d63b5f9660b6f064f028931bd336b66f9bab2e02,
generator://csmith-v0/4,csmith-v0,B,2,-loop-deletion,2,0.002183538,0,a61d5eb03fb0515485581cc9d63b5f9660b6f064f028931bd336b66f9bab2e02,
generator://csmith-v0/4,csmith-v0,B,2,-loop-deletion,3,0.002021195,0,a61d5eb03fb0515485581cc9d63b5f9660b6f064f028931bd336b66f9bab2e02,
generator://csmith-v0/4,csmith-v0,B,2,-loop-deletion,4,0.001995398,0,a61d5eb03fb0515485581cc9d63b5f9660b6f064f028931bd336b66f9bab2e02,
generator://csmith-v0/4,csmith-v0,B,2,-loop-unswitch,0,0.001986148,0,a61d5eb03fb0515485581cc9d63b5f9660b6f064f028931bd336b66f9bab2e02,
generator://csmith-v0/4,csmith-v0,B,2,-loop-unswitch,1,0.002379531,0,a61d5eb03fb0515485581cc9d63b5f9660b6f064f028931bd336b66f9bab2e02,
generator://csmith-v0/4,csmith-v0,B,2,-loop-unswitch,2,0.001991060,0,a61d5eb03fb0515485581cc9d63b5f9660b6f064f028931bd336b66f9bab2e02,
generator://csmith-v0/4,csmith-v0,B,2,-loop-unswitch,3,0.002829151,0,a61d5eb03fb0515485581cc9d63b5f9660b6f064f028931bd336b66f9bab2e02,
generator://csmith-v0/4,csmith-v0,B,2,-loop-unswitch,4,0.004742069,0,a61d5eb03fb0515485581cc9d63b5f9660b6f064f028931bd336b66f9bab2e02,
generator://csmith-v0/4,csmith-v0,B,2,-loop-distribute,0,0.003029345,0,a61d5eb03fb0515485581cc9d63b5f9660b6f064f028931bd336b66f9bab2e02,
generator://csmith-v0/4,csmith-v0,B,2,-loop-distribute,1,0.002023118,0,a61d5eb03fb0515485581cc9d63b5f9660b6f064f028931bd336b66f9bab2e02,
generator://csmith-v0/4,csmith-v0,B,2,-loop-distribute,2,0.002816582,0,a61d5eb03fb0515485581cc9d63b5f9660b6f064f028931bd336b66f9bab2e02,
generator://csmith-v0/4,csmith-v0,B,2,-loop-distribute,3,0.002753424,0,a61d5eb03fb0515485581cc9d63b5f9660b6f064f028931bd336b66f9bab2e02,
generator://csmith-v0/4,csmith-v0,B,2,-loop-distribute,4,0.002600353,0,a61d5eb03fb0515485581cc9d63b5f9660b6f064f028931bd336b66f9bab2e02,
generator://csmith-v0/4,csmith-v0,B,2,-indvars,0,0.002003226,0,a61d5eb03fb0515485581cc9d63b5f9660b6f064f028931bd336b66f9bab2e02,
generator://csmith-v0/4,csmith-v0,B,2,-indvars,1,0.001959857,0,a61d5eb03fb0515485581cc9d63b5f9660b6f064f028931bd336b66f9bab2e02,
generator://csmith-v0/4,csmith-v0,B,2,-indvars,2,0.002784904,0,a61d5eb03fb0515485581cc9d63b5f9660b6f064f028931bd336b66f9bab2e02,
generator://csmith-v0/4,csmith-v0,B,2,-indvars,3,0.002653351,0,a61d5eb03fb0515485581cc9d63b5f9660b6f064f028931bd336b66f9bab2e02,
generator://csmith-v0/4,csmith-v0,B,2,-indvars,4,0.002639310,0,a61d5eb03fb0515485581cc9d63b5f9660b6f064f028931bd336b66f9bab2e02,
generator://csmith-v0/24,csmith-v0,A,1,O0,0,0.014385613,0,41913d1965aabf9a64b37254c0ef56fb2fa8caa68113fa54d84261e060b1e96b,
generator://csmith-v0/24,csmith-v0,A,1,O0,1,0.002572645,0,41913d1965aabf9a64b37254c0ef56fb2fa8caa68113fa54d84261e060b1e96b,
generator://csmith-v0/24,csmith-v0,A,1,O0,2,0.002975846,0,41913d1965aabf9a64b37254c0ef56fb2fa8caa68113fa54d84261e060b1e96b,
generator://csmith-v0/24,csmith-v0,A,1,-licm,0,0.003101435,0,41913d1965aabf9a64b37254c0ef56fb2fa8caa68113fa54d84261e060b1e96b,
generator://csmith-v0/24,csmith-v0,A,1,-licm,1,0.002302511,0,41913d1965aabf9a64b37254c0ef56fb2fa8caa68113fa54d84261e060b1e96b,
generator://csmith-v0/24,csmith-v0,A,1,-licm,2,0.002283461,0,41913d1965aabf9a64b37254c0ef56fb2fa8caa68113fa54d84261e060b1e96b,
generator://csmith-v0/24,csmith-v0,A,1,-loop-rotate,0,0.002303850,0,41913d1965aabf9a64b37254c0ef56fb2fa8caa68113fa54d84261e060b1e96b,
generator://csmith-v0/24,csmith-v0,A,1,-loop-rotate,1,0.002379132,0,41913d1965aabf9a64b37254c0ef56fb2fa8caa68113fa54d84261e060b1e96b,
generator://csmith-v0/24,csmith-v0,A,1,-loop-rotate,2,0.002280388,0,41913d1965aabf9a64b37254c0ef56fb2fa8caa68113fa54d84261e060b1e96b,
generator://csmith-v0/24,csmith-v0,A,1,-loop-unroll,0,0.002325939,0,41913d1965aabf9a64b37254c0ef56fb2fa8caa68113fa54d84261e060b1e96b,
generator://csmith-v0/24,csmith-v0,A,1,-loop-unroll,1,0.003186826,0,41913d1965aabf9a64b37254c0ef56fb2fa8caa68113fa54d84261e060b1e96b,
generator://csmith-v0/24,csmith-v0,A,1,-loop-unroll,2,0.002273729,0,41913d1965aabf9a64b37254c0ef56fb2fa8caa68113fa54d84261e060b1e96b,
generator://csmith-v0/24,csmith-v0,A,1,-loop-vectorize,0,0.002270442,0,41913d1965aabf9a64b37254c0ef56fb2fa8caa68113fa54d84261e060b1e96b,
generator://csmith-v0/24,csmith-v0,A,1,-loop-vectorize,1,0.002287148,0,41913d1965aabf9a64b37254c0ef56fb2fa8caa68113fa54d84261e060b1e96b,
generator://csmith-v0/24,csmith-v0,A,1,-loop-vectorize,2,0.002292279,0,41913d1965aabf9a64b37254c0ef56fb2fa8caa68113fa54d84261e060b1e96b,
generator://csmith-v0/24,csmith-v0,A,1,-loop-deletion,0,0.002632800,0,41913d1965aabf9a64b37254c0ef56fb2fa8caa68113fa54d84261e060b1e96b,
generator://csmith-v0/24,csmith-v0,A,1,-loop-deletion,1,0.002276307,0,41913d1965aabf9a64b37254c0ef56fb2fa8caa68113fa54d84261e060b1e96b,
generator://csmith-v0/24,csmith-v0,A,1,-loop-deletion,2,0.002247220,0,41913d1965aabf9a64b37254c0ef56fb2fa8caa68113fa54d84261e060b1e96b,
generator://csmith-v0/24,csmith-v0,A,1,-loop-unswitch,0,0.002361979,0,41913d1965aabf9a64b37254c0ef56fb2fa8caa68113fa54d84261e060b1e96b,
generator://csmith-v0/24,csmith-v0,A,1,-loop-unswitch,1,0.002246179,0,41913d1965aabf9a64b37254c0ef56fb2fa8caa68113fa54d84261e060b1e96b,
generator://csmith-v0/24,csmith-v0,A,1,-loop-unswitch,2,0.002259629,0,41913d1965aabf9a64b37254c0ef56fb2fa8caa68113fa54d84261e060b1e96b,
generator://csmith-v0/24,csmith-v0,A,1,-loop-distribute,0,0.002412260,0,41913d1965aabf9a64b37254c0ef56fb2fa8caa68113fa54d84261e060b1e96b,
generator://csmith-v0/24,csmith-v0,A,1,-loop-distribute,1,0.005066114,0,41913d1965aabf9a64b37254c0ef56fb2fa8caa68113fa54d84261e060b1e96b,
generator://csmith-v0/24,csmith-v0,A,1,-loop-distribute,2,0.004231896,0,41913d1965aabf9a64b37254c0ef56fb2fa8caa68113fa54d84261e060b1e96b,
generator://csmith-v0/24,csmith-v0,A,1,-indvars,0,0.003581939,0,41913d1965aabf9a64b37254c0ef56fb2fa8caa68113fa54d84261e060b1e96b,
generator://csmith-v0/24,csmith-v0,A,1,-indvars,1,0.003797403,0,41913d1965aabf9a64b37254c0ef56fb2fa8caa68113fa54d84261e060b1e96b,
generator://csmith-v0/24,csmith-v0,A,1,-indvars,2,0.002559431,0,41913d1965aabf9a64b37254c0ef56fb2fa8caa68113fa54d84261e060b1e96b,
generator://csmith-v0/24,csmith-v0,A,2,O0,0,0.003148627,0,41913d1965aabf9a64b37254c0ef56fb2fa8caa68113fa54d84261e060b1e96b,
generator://csmith-v0/24,csmith-v0,A,2,O0,1,0.002409039,0,41913d1965aabf9a64b37254c0ef56fb2fa8caa68113fa54d84261e060b1e96b,
generator://csmith-v0/24,csmith-v0,A,2,O0,2,0.002783161,0,41913d1965aabf9a64b37254c0ef56fb2fa8caa68113fa54d84261e060b1e96b,
generator://csmith-v0/24,csmith-v0,A,2,-licm,0,0.001761528,0,41913d1965aabf9a64b37254c0ef56fb2fa8caa68113fa54d84261e060b1e96b,
generator://csmith-v0/24,csmith-v0,A,2,-licm,1,0.002571261,0,41913d1965aabf9a64b37254c0ef56fb2fa8caa68113fa54d84261e060b1e96b,
generator://csmith-v0/24,csmith-v0,A,2,-licm,2,0.002450729,0,41913d1965aabf9a64b37254c0ef56fb2fa8caa68113fa54d84261e060b1e96b,
generator://csmith-v0/24,csmith-v0,A,2,-loop-rotate,0,0.001768464,0,41913d1965aabf9a64b37254c0ef56fb2fa8caa68113fa54d84261e060b1e96b,
generator://csmith-v0/24,csmith-v0,A,2,-loop-rotate,1,0.002376560,0,41913d1965aabf9a64b37254c0ef56fb2fa8caa68113fa54d84261e060b1e96b,
generator://csmith-v0/24,csmith-v0,A,2,-loop-rotate,2,0.001846654,0,41913d1965aabf9a64b37254c0ef56fb2fa8caa68113fa54d84261e060b1e96b,
generator://csmith-v0/24,csmith-v0,A,2,-loop-unroll,0,0.001720803,0,41913d1965aabf9a64b37254c0ef56fb2fa8caa68113fa54d84261e060b1e96b,
generator://csmith-v0/24,csmith-v0,A,2,-loop-unroll,1,0.002508193,0,41913d1965aabf9a64b37254c0ef56fb2fa8caa68113fa54d84261e060b1e96b,
generator://csmith-v0/24,csmith-v0,A,2,-loop-unroll,2,0.002620980,0,41913d1965aabf9a64b37254c0ef56fb2fa8caa68113fa54d84261e060b1e96b,
generator://csmith-v0/24,csmith-v0,A,2,-loop-vectorize,0,0.001792263,0,41913d1965aabf9a64b37254c0ef56fb2fa8caa68113fa54d84261e060b1e96b,
generator://csmith-v0/24,csmith-v0,A,2,-loop-vectorize,1,0.002655819,0,41913d1965aabf9a64b37254c0ef56fb2fa8caa68113fa54d84261e060b1e96b,
generator://csmith-v0/24,csmith-v0,A,2,-loop-vectorize,2,0.002623333,0,41913d1965aabf9a64b37254c0ef56fb2fa8caa68113fa54d84261e060b1e96b,
generator://csmith-v0/24,csmith-v0,A,2,-loop-deletion,0,0.001928076,0,41913d1965aabf9a64b37254c0ef56fb2fa8caa68113fa54d84261e060b1e96b,
generator://csmith-v0/24,csmith-v0,A,2,-loop-deletion,1,0.001957716,0,41913d1965aabf9a64b37254c0ef56fb2fa8caa68113fa54d84261e060b1e96b,
generator://csmith-v0/24,csmith-v0,A,2,-loop-deletion,2,0.002936695,0,41913d1965aabf9a64b37254c0ef56fb2fa8caa68113fa54d84261e060b1e96b,
generator://csmith-v0/24,csmith-v0,A,2,-loop-unswitch,0,0.002278848,0,41913d1965aabf9a64b37254c0ef56fb2fa8caa68113fa54d84261e060b1e96b,
generator://csmith-v0/24,csmith-v0,A,2,-loop-unswitch,1,0.001976578,0,41913d1965aabf9a64b37254c0ef56fb2fa8caa68113fa54d84261e060b1e96b,
generator://csmith-v0/24,csmith-v0,A,2,-loop-unswitch,2,0.001794105,0,41913d1965aabf9a64b37254c0ef56fb2fa8caa68113fa54d84261e060b1e96b,
generator://csmith-v0/24,csmith-v0,A,2,-loop-distribute,0,0.001821714,0,41913d1965aabf9a64b37254c0ef56fb2fa8caa68113fa54d84261e060b1e96b,
generator://csmith-v0/24,csmith-v0,A,2,-loop-distribute,1,0.001774956,0,41913d1965aabf9a64b37254c0ef56fb2fa8caa68113fa54d84261e060b1e96b,
generator://csmith-v0/24,csmith-v0,A,2,-loop-distribute,2,0.001771497,0,41913d1965aabf9a64b37254c0ef56fb2fa8caa68113fa54d84261e060b1e96b,
generator://csmith-v0/24,csmith-v0,A,2,-indvars,0,0.002862314,0,41913d1965aabf9a64b37254c0ef56fb2fa8caa68113fa54d84261e060b1e96b,
generator://csmith-v0/24,csmith-v0,A,2,-indvars,1,0.001740543,0,41913d1965aabf9a64b37254c0ef56fb2fa8caa68113fa54d84261e060b1e96b,
generator://csmith-v0/24,csmith-v0,A,2,-indvars,2,0.002482042,0,41913d1965aabf9a64b37254c0ef56fb2fa8caa68113fa54d84261e060b1e96b,
generator://csmith-v0/24,csmith-v0,B,1,O0,0,0.001742795,0,41913d1965aabf9a64b37254c0ef56fb2fa8caa68113fa54d84261e060b1e96b,
generator://csmith-v0/24,csmith-v0,B,1,O0,1,0.001788614,0,41913d1965aabf9a64b37254c0ef56fb2fa8caa68113fa54d84261e060b1e96b,
generator://csmith-v0/24,csmith-v0,B,1,O0,2,0.002615713,0,41913d1965aabf9a64b37254c0ef56fb2fa8caa68113fa54d84261e060b1e96b,
generator://csmith-v0/24,csmith-v0,B,1,O0,3,0.002638552,0,41913d1965aabf9a64b37254c0ef56fb2fa8caa68113fa54d84261e060b1e96b,
generator://csmith-v0/24,csmith-v0,B,1,O0,4,0.002400620,0,41913d1965aabf9a64b37254c0ef56fb2fa8caa68113fa54d84261e060b1e96b,
generator://csmith-v0/24,csmith-v0,B,1,-licm,0,0.001939025,0,41913d1965aabf9a64b37254c0ef56fb2fa8caa68113fa54d84261e060b1e96b,
generator://csmith-v0/24,csmith-v0,B,1,-licm,1,0.001862235,0,41913d1965aabf9a64b37254c0ef56fb2fa8caa68113fa54d84261e060b1e96b,
generator://csmith-v0/24,csmith-v0,B,1,-licm,2,0.001726624,0,41913d1965aabf9a64b37254c0ef56fb2fa8caa68113fa54d84261e060b1e96b,
generator://csmith-v0/24,csmith-v0,B,1,-licm,3,0.001756065,0,41913d1965aabf9a64b37254c0ef56fb2fa8caa68113fa54d84261e060b1e96b,
generator://csmith-v0/24,csmith-v0,B,1,-licm,4,0.001861915,0,41913d1965aabf9a64b37254c0ef56fb2fa8caa68113fa54d84261e060b1e96b,
generator://csmith-v0/24,csmith-v0,B,1,-loop-rotate,0,0.001752265,0,41913d1965aabf9a64b37254c0ef56fb2fa8caa68113fa54d84261e060b1e96b,
generator://csmith-v0/24,csmith-v0,B,1,-loop-rotate,1,0.001723615,0,41913d1965aabf9a64b37254c0ef56fb2fa8caa68113fa54d84261e060b1e96b,
generator://csmith-v0/24,csmith-v0,B,1,-loop-rotate,2,0.002798375,0,41913d1965aabf9a64b37254c0ef56fb2fa8caa68113fa54d84261e060b1e96b,
generator://csmith-v0/24,csmith-v0,B,1,-loop-rotate,3,0.001798294,0,41913d1965aabf9a64b37254c0ef56fb2fa8caa68113fa54d84261e060b1e96b,
generator://csmith-v0/24,csmith-v0,B,1,-loop-rotate,4,0.001720324,0,41913d1965aabf9a64b37254c0ef56fb2fa8caa68113fa54d84261e060b1e96b,
generator://csmith-v0/24,csmith-v0,B,1,-loop-unroll,0,0.001734056,0,41913d1965aabf9a64b37254c0ef56fb2fa8caa68113fa54d84261e060b1e96b,
generator://csmith-v0/24,csmith-v0,B,1,-loop-unroll,1,0.001753235,0,41913d1965aabf9a64b37254c0ef56fb2fa8caa68113fa54d84261e060b1e96b,
generator://csmith-v0/24,csmith-v0,B,1,-loop-unroll,2,0.001787202,0,41913d1965aabf9a64b37254c0ef56fb2fa8caa68113fa54d84261e060b1e96b,
generator://csmith-v0/24,csmith-v0,B,1,-loop-unroll,3,0.001771735,0,41913d1965aabf9a64b37254c0ef56fb2fa8caa68113fa54d84261e060b1e96b,
generator://csmith-v0/24,csmith-v0,B,1,-loop-unroll,4,0.001719354,0,41913d1965aabf9a64b37254c0ef56fb2fa8caa68113fa54d84261e060b1e96b,
generator://csmith-v0/24,csmith-v0,B,1,-loop-vectorize,0,0.001776025,0,41913d1965aabf9a64b37254c0ef56fb2fa8caa68113fa54d84261e060b1e96b,
generator://csmith-v0/24,csmith-v0,B,1,-loop-vectorize,1,0.001711125,0,41913d1965aabf9a64b37254c0ef56fb2fa8caa68113fa54d84261e060b1e96b,
generator://csmith-v0/24,csmith-v0,B,1,-loop-vectorize,2,0.001768364,0,41913d1965aabf9a64b37254c0ef56fb2fa8caa68113fa54d84261e060b1e96b,
generator://csmith-v0/24,csmith-v0,B,1,-loop-vectorize,3,0.001738666,0,41913d1965aabf9a64b37254c0ef56fb2fa8caa68113fa54d84261e060b1e96b,
generator://csmith-v0/24,csmith-v0,B,1,-loop-vectorize,4,0.001788614,0,41913d1965aabf9a64b37254c0ef56fb2fa8caa68113fa54d84261e060b1e96b,
generator://csmith-v0/24,csmith-v0,B,1,-loop-deletion,0,0.001710245,0,41913d1965aabf9a64b37254c0ef56fb2fa8caa68113fa54d84261e060b1e96b,
generator://csmith-v0/24,csmith-v0,B,1,-loop-deletion,1,0.001808336,0,41913d1965aabf9a64b37254c0ef56fb2fa8caa68113fa54d84261e060b1e96b,
generator://csmith-v0/24,csmith-v0,B,1,-loop-deletion,2,0.001887267,0,41913d1965aabf9a64b37254c0ef56fb2fa8caa68113fa54d84261e060b1e96b,
generator://csmith-v0/24,csmith-v0,B,1,-loop-deletion,3,0.001824284,0,41913d1965aabf9a64b37254c0ef56fb2fa8caa68113fa54d84261e060b1e96b,
generator://csmith-v0/24,csmith-v0,B,1,-loop-deletion,4,0.001981996,0,41913d1965aabf9a64b37254c0ef56fb2fa8caa68113fa54d84261e060b1e96b,
generator://csmith-v0/24,csmith-v0,B,1,-loop-unswitch,0,0.001696134,0,41913d1965aabf9a64b37254c0ef56fb2fa8caa68113fa54d84261e060b1e96b,
generator://csmith-v0/24,csmith-v0,B,1,-loop-unswitch,1,0.001717754,0,41913d1965aabf9a64b37254c0ef56fb2fa8caa68113fa54d84261e060b1e96b,
generator://csmith-v0/24,csmith-v0,B,1,-loop-unswitch,2,0.001815094,0,41913d1965aabf9a64b37254c0ef56fb2fa8caa68113fa54d84261e060b1e96b,
generator://csmith-v0/24,csmith-v0,B,1,-loop-unswitch,3,0.001840124,0,41913d1965aabf9a64b37254c0ef56fb2fa8caa68113fa54d84261e060b1e96b,
generator://csmith-v0/24,csmith-v0,B,1,-loop-unswitch,4,0.001773704,0,41913d1965aabf9a64b37254c0ef56fb2fa8caa68113fa54d84261e060b1e96b,
generator://csmith-v0/24,csmith-v0,B,1,-loop-distribute,0,0.002043737,0,41913d1965aabf9a64b37254c0ef56fb2fa8caa68113fa54d84261e060b1e96b,
generator://csmith-v0/24,csmith-v0,B,1,-loop-distribute,1,0.002753034,0,41913d1965aabf9a64b37254c0ef56fb2fa8caa68113fa54d84261e060b1e96b,
generator://csmith-v0/24,csmith-v0,B,1,-loop-distribute,2,0.002482841,0,41913d1965aabf9a64b37254c0ef56fb2fa8caa68113fa54d84261e060b1e96b,
generator://csmith-v0/24,csmith-v0,B,1,-loop-distribute,3,0.001741152,0,41913d1965aabf9a64b37254c0ef56fb2fa8caa68113fa54d84261e060b1e96b,
generator://csmith-v0/24,csmith-v0,B,1,-loop-distribute,4,0.001730043,0,41913d1965aabf9a64b37254c0ef56fb2fa8caa68113fa54d84261e060b1e96b,
generator://csmith-v0/24,csmith-v0,B,1,-indvars,0,0.001725465,0,41913d1965aabf9a64b37254c0ef56fb2fa8caa68113fa54d84261e060b1e96b,
generator://csmith-v0/24,csmith-v0,B,1,-indvars,1,0.002539899,0,41913d1965aabf9a64b37254c0ef56fb2fa8caa68113fa54d84261e060b1e96b,
generator://csmith-v0/24,csmith-v0,B,1,-indvars,2,0.001735136,0,41913d1965aabf9a64b37254c0ef56fb2fa8caa68113fa54d84261e060b1e96b,
generator://csmith-v0/24,csmith-v0,B,1,-indvars,3,0.002546992,0,41913d1965aabf9a64b37254c0ef56fb2fa8caa68113fa54d84261e060b1e96b,
generator://csmith-v0/24,csmith-v0,B,1,-indvars,4,0.002840333,0,41913d1965aabf9a64b37254c0ef56fb2fa8caa68113fa54d84261e060b1e96b,
generator://csmith-v0/24,csmith-v0,B,2,O0,0,0.001813956,0,41913d1965aabf9a64b37254c0ef56fb2fa8caa68113fa54d84261e060b1e96b,
generator://csmith-v0/24,csmith-v0,B,2,O0,1,0.001828264,0,41913d1965aabf9a64b37254c0ef56fb2fa8caa68113fa54d84261e060b1e96b,
generator://csmith-v0/24,csmith-v0,B,2,O0,2,0.001899589,0,41913d1965aabf9a64b37254c0ef56fb2fa8caa68113fa54d84261e060b1e96b,
generator://csmith-v0/24,csmith-v0,B,2,O0,3,0.002345508,0,41913d1965aabf9a64b37254c0ef56fb2fa8caa68113fa54d84261e060b1e96b,
generator://csmith-v0/24,csmith-v0,B,2,O0,4,0.001849584,0,41913d1965aabf9a64b37254c0ef56fb2fa8caa68113fa54d84261e060b1e96b,
generator://csmith-v0/24,csmith-v0,B,2,-licm,0,0.001766806,0,41913d1965aabf9a64b37254c0ef56fb2fa8caa68113fa54d84261e060b1e96b,
generator://csmith-v0/24,csmith-v0,B,2,-licm,1,0.001728924,0,41913d1965aabf9a64b37254c0ef56fb2fa8caa68113fa54d84261e060b1e96b,
generator://csmith-v0/24,csmith-v0,B,2,-licm,2,0.002129599,0,41913d1965aabf9a64b37254c0ef56fb2fa8caa68113fa54d84261e060b1e96b,
generator://csmith-v0/24,csmith-v0,B,2,-licm,3,0.001759624,0,41913d1965aabf9a64b37254c0ef56fb2fa8caa68113fa54d84261e060b1e96b,
generator://csmith-v0/24,csmith-v0,B,2,-licm,4,0.001817005,0,41913d1965aabf9a64b37254c0ef56fb2fa8caa68113fa54d84261e060b1e96b,
generator://csmith-v0/24,csmith-v0,B,2,-loop-rotate,0,0.001759905,0,41913d1965aabf9a64b37254c0ef56fb2fa8caa68113fa54d84261e060b1e96b,
generator://csmith-v0/24,csmith-v0,B,2,-loop-rotate,1,0.001798395,0,41913d1965aabf9a64b37254c0ef56fb2fa8caa68113fa54d84261e060b1e96b,
generator://csmith-v0/24,csmith-v0,B,2,-loop-rotate,2,0.001759166,0,41913d1965aabf9a64b37254c0ef56fb2fa8caa68113fa54d84261e060b1e96b,
generator://csmith-v0/24,csmith-v0,B,2,-loop-rotate,3,0.001766134,0,41913d1965aabf9a64b37254c0ef56fb2fa8caa68113fa54d84261e060b1e96b,
generator://csmith-v0/24,csmith-v0,B,2,-loop-rotate,4,0.001768967,0,41913d1965aabf9a64b37254c0ef56fb2fa8caa68113fa54d84261e060b1e96b,
generator://csmith-v0/24,csmith-v0,B,2,-loop-unroll,0,0.001744395,0,41913d1965aabf9a64b37254c0ef56fb2fa8caa68113fa54d84261e060b1e96b,
generator://csmith-v0/24,csmith-v0,B,2,-loop-unroll,1,0.001724996,0,41913d1965aabf9a64b37254c0ef56fb2fa8caa68113fa54d84261e060b1e96b,
generator://csmith-v0/24,csmith-v0,B,2,-loop-unroll,2,0.001763873,0,41913d1965aabf9a64b37254c0ef56fb2fa8caa68113fa54d84261e060b1e96b,
generator://csmith-v0/24,csmith-v0,B,2,-loop-unroll,3,0.001770116,0,41913d1965aabf9a64b37254c0ef56fb2fa8caa68113fa54d84261e060b1e96b,
generator://csmith-v0/24,csmith-v0,B,2,-loop-unroll,4,0.001749065,0,41913d1965aabf9a64b37254c0ef56fb2fa8caa68113fa54d84261e060b1e96b,
generator://csmith-v0/24,csmith-v0,B,2,-loop-vectorize,0,0.001799542,0,41913d1965aabf9a64b37254c0ef56fb2fa8caa68113fa54d84261e060b1e96b,
generator://csmith-v0/24,csmith-v0,B,2,-loop-vectorize,1,0.001741463,0,41913d1965aabf9a64b37254c0ef56fb2fa8caa68113fa54d84261e060b1e96b,
generator://csmith-v0/24,csmith-v0,B,2,-loop-vectorize,2,0.001720577,0,41913d1965aabf9a64b37254c0ef56fb2fa8caa68113fa54d84261e060b1e96b,
generator://csmith-v0/24,csmith-v0,B,2,-loop-vectorize,3,0.003853120,0,41913d1965aabf9a64b37254c0ef56fb2fa8caa68113fa54d84261e060b1e96b,
generator://csmith-v0/24,csmith-v0,B,2,-loop-vectorize,4,0.002524711,0,41913d1965aabf9a64b37254c0ef56fb2fa8caa68113fa54d84261e060b1e96b,
generator://csmith-v0/24,csmith-v0,B,2,-loop-deletion,0,0.001742756,0,41913d1965aabf9a64b37254c0ef56fb2fa8caa68113fa54d84261e060b1e96b,
generator://csmith-v0/24,csmith-v0,B,2,-loop-deletion,1,0.001847688,0,41913d1965aabf9a64b37254c0ef56fb2fa8caa68113fa54d84261e060b1e96b,
generator://csmith-v0/24,csmith-v0,B,2,-loop-deletion,2,0.001723871,0,41913d1965aabf9a64b37254c0ef56fb2fa8caa68113fa54d84261e060b1e96b,
generator://csmith-v0/24,csmith-v0,B,2,-loop-deletion,3,0.002553741,0,41913d1965aabf9a64b37254c0ef56fb2fa8caa68113fa54d84261e060b1e96b,
generator://csmith-v0/24,csmith-v0,B,2,-loop-deletion,4,0.002558701,0,41913d1965aabf9a64b37254c0ef56fb2fa8caa68113fa54d84261e060b1e96b,
generator://csmith-v0/24,csmith-v0,B,2,-loop-unswitch,0,0.001780365,0,41913d1965aabf9a64b37254c0ef56fb2fa8caa68113fa54d84261e060b1e96b,
generator://csmith-v0/24,csmith-v0,B,2,-loop-unswitch,1,0.002501532,0,41913d1965aabf9a64b37254c0ef56fb2fa8caa68113fa54d84261e060b1e96b,
generator://csmith-v0/24,csmith-v0,B,2,-loop-unswitch,2,0.001769267,0,41913d1965aabf9a64b37254c0ef56fb2fa8caa68113fa54d84261e060b1e96b,
generator://csmith-v0/24,csmith-v0,B,2,-loop-unswitch,3,0.001839695,0,41913d1965aabf9a64b37254c0ef56fb2fa8caa68113fa54d84261e060b1e96b,
generator://csmith-v0/24,csmith-v0,B,2,-loop-unswitch,4,0.001795573,0,41913d1965aabf9a64b37254c0ef56fb2fa8caa68113fa54d84261e060b1e96b,
generator://csmith-v0/24,csmith-v0,B,2,-loop-distribute,0,0.002555963,0,41913d1965aabf9a64b37254c0ef56fb2fa8caa68113fa54d84261e060b1e96b,
generator://csmith-v0/24,csmith-v0,B,2,-loop-distribute,1,0.001722835,0,41913d1965aabf9a64b37254c0ef56fb2fa8caa68113fa54d84261e060b1e96b,
generator://csmith-v0/24,csmith-v0,B,2,-loop-distribute,2,0.001720395,0,41913d1965aabf9a64b37254c0ef56fb2fa8caa68113fa54d84261e060b1e96b,
generator://csmith-v0/24,csmith-v0,B,2,-loop-distribute,3,0.001762595,0,41913d1965aabf9a64b37254c0ef56fb2fa8caa68113fa54d84261e060b1e96b,
generator://csmith-v0/24,csmith-v0,B,2,-loop-distribute,4,0.001721617,0,41913d1965aabf9a64b37254c0ef56fb2fa8caa68113fa54d84261e060b1e96b,
generator://csmith-v0/24,csmith-v0,B,2,-indvars,0,0.001871174,0,41913d1965aabf9a64b37254c0ef56fb2fa8caa68113fa54d84261e060b1e96b,
generator://csmith-v0/24,csmith-v0,B,2,-indvars,1,0.001736796,0,41913d1965aabf9a64b37254c0ef56fb2fa8caa68113fa54d84261e060b1e96b,
generator://csmith-v0/24,csmith-v0,B,2,-indvars,2,0.002534941,0,41913d1965aabf9a64b37254c0ef56fb2fa8caa68113fa54d84261e060b1e96b,
generator://csmith-v0/24,csmith-v0,B,2,-indvars,3,0.001753503,0,41913d1965aabf9a64b37254c0ef56fb2fa8caa68113fa54d84261e060b1e96b,
generator://csmith-v0/24,csmith-v0,B,2,-indvars,4,0.001702374,0,41913d1965aabf9a64b37254c0ef56fb2fa8caa68113fa54d84261e060b1e96b,
